no,table_name,direction,base,count,pps,dir_0_opackets,dir_0_ipackets,dir_1_opackets,dir_1_ipackets,dir_0_obytes,dir_0_ibytes,dir_1_obytes,dir_1_ibytes,dir_0_oerrors,dir_0_ierrors,dir_1_oerrors,dir_1_ierrors,lost_0,lost_1,elapsed
1,imix,encap,0,1,2765486.726,0,55746796,82965172,0,0,20667253936,30019553412,0,0,0,0,0,0,27218376,30.02266884
2,imix,encap,0,1,2765486.726,0,55709587,82965172,0,0,20652584026,30019553412,0,0,0,0,0,0,27255585,30.02554202
3,imix,encap,0,1,1382743.363,0,44939254,41482401,0,0,18169242008,15009666816,0,0,0,0,0,0,-3456853,30.02365708
4,imix,encap,0,1,2074115.044,0,56639126,62223176,0,0,21888904648,22514473454,0,0,0,0,0,0,5584050,30.02070999
5,imix,encap,0,1,2074115.044,0,56589567,62223176,0,0,21863237512,22514473454,0,0,0,0,0,0,5633609,30.02577591
6,imix,encap,0,1,1728429.204,0,56173435,51852361,0,0,22711416946,18761992200,0,0,0,0,0,0,-4321074,30.01955485
7,imix,encap,0,1,1901272.124,0,56706869,57037619,0,0,22379046550,20638248448,0,0,0,0,0,0,330750,30.02119422
8,imix,encap,0,1,1901272.124,0,56630039,57037619,0,0,22344417620,20638248448,0,0,0,0,0,0,407580,30.02927589
9,imix,encap,0,1,1814850.664,0,56664263,54445185,0,0,22615018892,19700105598,0,0,0,0,0,0,-2219078,30.02770281
10,imix,encap,0,1,1814850.664,0,56634473,54445185,0,0,22599323296,19700105598,0,0,0,0,0,0,-2189288,30.01859593
11,imix,encap,0,1,1771639.934,0,56431700,53149541,0,0,22681473850,19231156154,0,0,0,0,0,0,-3282159,30.01825881
12,imix,encap,0,1,1771639.934,0,56857166,53149541,0,0,22899559984,19231156154,0,0,0,0,0,0,-3707625,30.01638103
13,imix,encap,0,1,1750034.569,0,55852766,52500977,0,0,22472116338,18996659112,0,0,0,0,0,0,-3351789,30.02079391
14,imix,encap,0,1,1750034.569,0,55430553,52500977,0,0,22259894964,18996659112,0,0,0,0,0,0,-2929576,30.01883793
15,imix,encap,0,1,1739231.886,0,56216988,52176910,0,0,22698111732,18879384118,0,0,0,0,0,0,-4040078,30.02533317
16,imix,encap,0,1,1739231.886,0,56457241,52176910,0,0,22819182840,18879384118,0,0,0,0,0,0,-4280331,30.01299095
17,imix,encap,0,1,1733830.545,0,56242525,52015205,0,0,22728133238,18820704420,0,0,0,0,0,0,-4227320,30.01444197
18,imix,encap,0,1,1733830.545,0,56286411,52015205,0,0,22750744256,18820704420,0,0,0,0,0,0,-4271206,30.02209497
19,imix,encap,0,1,1731129.874,0,56142057,51934109,0,0,22686397158,18791344468,0,0,0,0,0,0,-4207948,30.02790785
20,imix,encap,0,1,1731129.874,0,56204700,51934109,0,0,22718233190,18791344468,0,0,0,0,0,0,-4270591,30.02153397
21,imix,encap,0,1,1729779.539,0,56131421,51893348,0,0,22686063748,18776743216,0,0,0,0,0,0,-4238073,30.02386379
22,imix,encap,0,1,1729779.539,0,55565265,51893348,0,0,22400286278,18776743216,0,0,0,0,0,0,-3671917,30.01942515
23,imix,encap,0,1,1729104.371,0,55675658,51873436,0,0,22456662640,18769479260,0,0,0,0,0,0,-3802222,30.02362394
24,imix,encap,0,1,1729104.371,0,55536071,51873436,0,0,22383150662,18769479260,0,0,0,0,0,0,-3662635,30.02460098
25,imix,encap,0,1,1728766.787,0,55413718,51862887,0,0,22326858256,18765720916,0,0,0,0,0,0,-3550831,30.02223611
26,imix,encap,0,1,1728766.787,0,55819687,51862887,0,0,22533006470,18765720916,0,0,0,0,0,0,-3956800,30.01685905
27,imix,encap,0,1,1728597.995,0,54960756,51858067,0,0,22089276396,18763885372,0,0,0,0,0,0,-3102689,30.02965188
28,imix,encap,0,1,1728597.995,0,55915980,51858067,0,0,22580888122,18763885372,0,0,0,0,0,0,-4057913,30.02115202
29,imix,decap,0,1,2765486.726,82964419,0,0,52331999,33543070748,0,0,17534547478,0,0,0,0,30632420,0,30.03039718
30,imix,decap,0,1,2765486.726,82964419,0,0,52623057,33543070748,0,0,17629951594,0,0,0,0,30341362,0,30.01507401
31,imix,decap,0,1,1382743.363,41482349,0,0,38291407,16771624564,0,0,13855096366,0,0,0,0,3190942,0,30.02630806
32,imix,decap,0,1,2074115.044,62224002,0,0,52879389,25157562376,0,0,18559489590,0,0,0,0,9344613,0,30.01048398
33,imix,decap,0,1,2074115.044,62224002,0,0,53372306,25157562376,0,0,18759871250,0,0,0,0,8851696,0,30.02338696
34,imix,decap,0,1,1728429.204,51853305,0,0,47864619,20964618334,0,0,17318932240,0,0,0,0,3988686,0,30.01853395
35,imix,decap,0,1,1901272.124,57038341,0,0,52650796,23060969764,0,0,19050735714,0,0,0,0,4387545,0,30.02287197
36,imix,decap,0,1,1987693.584,59630906,0,0,54035971,24109255592,0,0,19385800620,0,0,0,0,5594935,0,30.02313495
37,imix,decap,0,1,1987693.584,59630906,0,0,54101380,24109255592,0,0,19412572848,0,0,0,0,5529526,0,30.02638793
38,imix,decap,0,1,1944482.854,58334783,0,0,53845482,23585070716,0,0,19482649330,0,0,0,0,4489301,0,30.02795792
39,imix,decap,0,1,1944482.854,58334783,0,0,53845524,23585070716,0,0,19482710722,0,0,0,0,4489259,0,30.0217731
40,imix,decap,0,1,1922877.489,57686439,0,0,51655084,23323034538,0,0,18493179626,0,0,0,0,6031355,0,30.01387811
41,imix,decap,0,1,1922877.489,57686439,0,0,52774065,23323034538,0,0,19036683166,0,0,0,0,4912374,0,30.02476192
42,imix,decap,0,1,1912074.806,57361929,0,0,52946177,23191976744,0,0,19157388222,0,0,0,0,4415752,0,30.0253098
43,imix,decap,0,1,1912074.806,57361929,0,0,52627789,23191976744,0,0,19000900450,0,0,0,0,4734140,0,30.02775502
44,imix,decap,0,1,1906673.465,57200213,0,0,51638792,23126411764,0,0,18530217932,0,0,0,0,5561421,0,30.02193499
45,imix,decap,0,1,1906673.465,57200213,0,0,52362165,23126411764,0,0,18887762320,0,0,0,0,4838048,0,30.02376699
46,imix,decap,0,1,1903972.795,57118702,0,0,52528404,23093581656,0,0,18981124540,0,0,0,0,4590298,0,30.02377486
47,imix,decap,0,1,1903972.795,57118702,0,0,52631346,23093581656,0,0,19031614576,0,0,0,0,4487356,0,30.026191
48,imix,decap,0,1,1902622.459,57079121,0,0,52686393,23077441228,0,0,19063389834,0,0,0,0,4392728,0,30.02364898
49,imix,decap,0,1,1902622.459,57079121,0,0,52688455,23077441228,0,0,19064340094,0,0,0,0,4390666,0,30.007128
50,imix,decap,0,1,1903297.627,57098597,0,0,52706378,23085547474,0,0,19071076808,0,0,0,0,4392219,0,30.01728988
51,imix,decap,0,1,1903635.211,57108667,0,0,52715662,23089579888,0,0,19074401178,0,0,0,0,4393005,0,30.02311206
52,imix,decap,0,1,1903804.003,57113703,0,0,52720305,23091596494,0,0,19076063692,0,0,0,0,4393398,0,30.02269101
53,imix,both,0,1,2765486.726,82964419,67451019,82965172,63524712,33543070748,25227957470,30019553412,21385328786,0,0,0,0,19439707,15514153,40.28187084
54,imix,both,0,1,2765486.726,82964419,66985159,82965172,63178386,33543070748,25042296204,30019553412,21234651056,0,0,0,0,19786033,15980013,40.00530982
55,imix,both,0,1,1382743.363,41482349,44939254,41482401,38291407,16771624564,18169242008,15009666816,13855096366,0,0,0,0,3190942,-3456853,30.01673794
56,imix,both,0,1,2074115.044,62224002,50241271,62223176,47331474,25157562376,18858922254,22514473454,15910134448,0,0,0,0,14892528,11981905,30.01583099
57,imix,both,0,1,2074115.044,62224002,50572369,62223176,47720846,25157562376,18895047814,22514473454,16033512068,0,0,0,0,14503156,11650807,30.34313989
58,imix,both,0,1,1728429.204,51853305,47828953,51852361,46032475,20964618334,18575154736,18761992200,16436319564,0,0,0,0,5820830,4023408,30.03049612
59,imix,both,0,1,1728429.204,51853305,47829133,51852361,46047409,20964618334,18578447816,18761992200,16439521162,0,0,0,0,5805896,4023228,30.028162
60,imix,both,0,1,1555586.283,46667257,48516993,46667622,43077448,18868001794,19452277214,16885870848,15586934568,0,0,0,0,3589809,-1849371,30.02196407
61,imix,both,0,1,1555586.283,46667257,48487487,46667622,43077448,18868001794,19439003424,16885870848,15586934568,0,0,0,0,3589809,-1819865,30.01494694
62,imix,both,0,1,1469164.823,44074577,47748100,44075186,40684203,17819742644,19304836576,15947777920,14720960758,0,0,0,0,3390374,-3672914,30.01984
63,imix,both,0,1,1512375.553,45370969,49152190,45371260,41880875,18343899102,19872623068,16416847376,15153970896,0,0,0,0,3490094,-3780930,30.02170897
64,imix,both,0,1,1533980.918,46019573,49102926,46019747,42479619,18606021138,19792046488,16651402274,15370491212,0,0,0,0,3539954,-3083179,30.02287912
65,imix,both,0,1,1533980.918,46019573,48982794,46019747,42479619,18606021138,19735501638,16651402274,15370491212,0,0,0,0,3539954,-2963047,30.02300501
66,imix,both,0,1,1523178.236,45695565,49308031,45695109,42180538,18475035498,19919596662,16534059344,15262285840,0,0,0,0,3515027,-3612922,30.01929212
67,imix,both,0,1,1523178.236,45695565,49320609,45695109,42180538,18475035498,19925808288,16534059344,15262285840,0,0,0,0,3515027,-3625500,30.01763201
68,imix,both,0,1,1517776.894,45533546,49327880,45533446,42030988,18409507826,19943547316,16475417980,15208149374,0,0,0,0,3502558,-3794434,30.01514387
69,imix,both,0,1,1520477.565,45614238,49331260,45614605,42105445,18442257374,19938476902,16504797442,15235225542,0,0,0,0,3508793,-3716655,30.02576184
70,imix,both,0,1,1520477.565,45614238,49363746,45614605,42105445,18442257374,19954557132,16504797442,15235225542,0,0,0,0,3508793,-3749141,30.01809907
71,imix,both,0,1,1519127.23,45573773,49346149,45573765,42068094,18425815088,19949833224,16490149128,15221628262,0,0,0,0,3505679,-3772384,30.02212405
72,imix,both,0,1,1519127.23,45573773,49371582,45573765,42068094,18425815088,19961351136,16490149128,15221628262,0,0,0,0,3505679,-3797817,30.02456117
73,imix,both,0,1,1519802.397,45594300,49349939,45593839,42087059,18434081074,19949907364,16497458010,15228451110,0,0,0,0,3507241,-3756100,30.02779698
74,imix,both,0,1,1519802.397,45594300,49381967,45593839,42087059,18434081074,19965398988,16497458010,15228451110,0,0,0,0,3507241,-3788128,30.02303314
75,imix,both,0,1,1519464.814,45583826,49382792,45584136,42077372,18429961860,19965803976,16493814502,15225068224,0,0,0,0,3506454,-3798656,30.02859592
76,imix,both,0,1,1519633.605,45589062,49363524,45588868,42082215,18432020636,19956534344,16495559070,15226758908,0,0,0,0,3506847,-3774656,30.01312089
77,imix,both,0,1,1519633.605,45589062,49286873,45588868,42082215,18432020636,19918894566,16495559070,15226758908,0,0,0,0,3506847,-3698005,30.0274868
78,udp64b,encap,0,1,8116883.117,0,59438252,243513384,0,0,7964725768,15584856576,0,0,0,0,0,0,184075132,30.01916099
79,udp64b,encap,0,1,8116883.117,0,59345284,243513384,0,0,7952268056,15584856576,0,0,0,0,0,0,184168100,30.01799417
80,udp64b,encap,0,1,4058441.558,0,58069892,121756692,0,0,7781365528,7792428288,0,0,0,0,0,0,63686800,30.02887893
81,udp64b,encap,0,1,4058441.558,0,58955136,121756692,0,0,7899988224,7792428288,0,0,0,0,0,0,62801556,30.01349187
82,udp64b,encap,0,1,2029220.779,0,58551144,60878346,0,0,7845853296,3896214144,0,0,0,0,0,0,2327202,30.01627803
83,udp64b,encap,0,1,2029220.779,0,58505060,60878346,0,0,7839678040,3896214144,0,0,0,0,0,0,2373286,30.01209784
84,udp64b,encap,0,1,1014610.39,0,30438275,30438275,0,0,4078728850,1948049600,0,0,0,0,0,0,0,30.02062798
85,udp64b,encap,0,1,1521915.584,0,45656737,45656737,0,0,6118002758,2922031168,0,0,0,0,0,0,0,30.01957798
86,udp64b,encap,0,1,1775568.182,0,53268160,53268160,0,0,7137933440,3409162240,0,0,0,0,0,0,0,30.02823997
87,udp64b,encap,0,1,1902394.481,0,57050125,57072818,0,0,7644716750,3652660352,0,0,0,0,0,0,22693,30.01983285
88,udp64b,encap,0,1,1902394.481,0,57072818,57072818,0,0,7647757612,3652660352,0,0,0,0,0,0,0,30.02662802
89,udp64b,encap,0,1,1965807.63,0,56356419,58973177,0,0,7551760146,3774283328,0,0,0,0,0,0,2616758,30.03199911
90,udp64b,encap,0,1,1965807.63,0,57244682,58973177,0,0,7670787388,3774283328,0,0,0,0,0,0,1728495,30.024333
91,udp64b,encap,0,1,1934101.055,0,57738801,58023764,0,0,7736999334,3713520896,0,0,0,0,0,0,284963,30.02547407
92,udp64b,encap,0,1,1934101.055,0,57629528,58023764,0,0,7722356752,3713520896,0,0,0,0,0,0,394236,30.02460718
93,udp64b,encap,0,1,1918247.768,0,57352854,57547575,0,0,7685282436,3683044800,0,0,0,0,0,0,194721,30.02089596
94,udp64b,encap,0,1,1918247.768,0,57233916,57547575,0,0,7669344744,3683044800,0,0,0,0,0,0,313659,30.0267241
95,udp64b,encap,0,1,1910321.124,0,57310806,57310806,0,0,7679648004,3667891584,0,0,0,0,0,0,0,30.0222919
96,udp64b,encap,0,1,1914284.446,0,57428946,57428946,0,0,7695478764,3675452544,0,0,0,0,0,0,0,30.02927995
97,udp64b,encap,0,1,1916266.107,0,57486596,57486596,0,0,7703203864,3679142144,0,0,0,0,0,0,0,30.02799606
98,udp64b,encap,0,1,1917256.937,0,57518674,57518674,0,0,7707502316,3681195136,0,0,0,0,0,0,0,30.02854705
99,udp64b,encap,0,1,1917752.353,0,57174675,57531515,0,0,7661406450,3682016960,0,0,0,0,0,0,356840,30.02254391
100,udp64b,encap,0,1,1917752.353,0,56025685,57531515,0,0,7507441790,3682016960,0,0,0,0,0,0,1505830,30.02398705
101,udp64b,decap,0,1,8116883.117,243513384,0,0,61899199,32630793456,0,0,3961548736,0,0,0,0,181614185,0,30.03154421
102,udp64b,decap,0,1,8116883.117,243513384,0,0,62826370,32630793456,0,0,4020887680,0,0,0,0,180687014,0,30.0250988
103,udp64b,decap,0,1,4058441.558,121756692,0,0,62674822,16315396728,0,0,4011188608,0,0,0,0,59081870,0,30.03185296
104,udp64b,decap,0,1,4058441.558,121756692,0,0,62064865,16315396728,0,0,3972151360,0,0,0,0,59691827,0,30.02979898
105,udp64b,decap,0,1,2029220.779,60878346,0,0,60878346,8157698364,0,0,3896214144,0,0,0,0,0,0,30.02633691
106,udp64b,decap,0,1,3043831.169,91317519,0,0,62184673,12236547546,0,0,3979819072,0,0,0,0,29132846,0,30.02361584
107,udp64b,decap,0,1,3043831.169,91317519,0,0,61963682,12236547546,0,0,3965675648,0,0,0,0,29353837,0,30.02305603
108,udp64b,decap,0,1,2536525.974,76095686,0,0,62694022,10196821924,0,0,4012417408,0,0,0,0,13401664,0,30.02274799
109,udp64b,decap,0,1,2536525.974,76095686,0,0,62725643,10196821924,0,0,4014441152,0,0,0,0,13370043,0,30.02281499
110,udp64b,decap,0,1,2282873.377,68486623,0,0,62732084,9177207482,0,0,4014853376,0,0,0,0,5754539,0,30.01605988
111,udp64b,decap,0,1,2282873.377,68486623,0,0,62013965,9177207482,0,0,3968893760,0,0,0,0,6472658,0,30.02231002
112,udp64b,decap,0,1,2156047.078,64683243,0,0,60893150,8667554562,0,0,3897161600,0,0,0,0,3790093,0,30.02533007
113,udp64b,decap,0,1,2156047.078,64683243,0,0,61991607,8667554562,0,0,3967462848,0,0,0,0,2691636,0,30.02462888
114,udp64b,decap,0,1,2092633.929,62780447,0,0,62161911,8412579898,0,0,3978362304,0,0,0,0,618536,0,30.02688193
115,udp64b,decap,0,1,2092633.929,62780447,0,0,62340771,8412579898,0,0,3989809344,0,0,0,0,439676,0,30.02434206
116,udp64b,decap,0,1,2060927.354,61827745,0,0,61827745,8284917830,0,0,3956975680,0,0,0,0,0,0,30.02864194
117,udp64b,decap,0,1,2076780.641,62302337,0,0,62302337,8348513158,0,0,3987349568,0,0,0,0,0,0,30.0303061
118,udp64b,decap,0,1,2084707.285,62540478,0,0,62540478,8380424052,0,0,4002590592,0,0,0,0,0,0,30.0192101
119,udp64b,decap,0,1,2088670.607,62658328,0,0,62658328,8396215952,0,0,4010132992,0,0,0,0,0,0,30.01891994
120,udp64b,decap,0,1,2090652.268,62719328,0,0,62714061,8404389952,0,0,4013699904,0,0,0,0,5267,0,30.012712
121,udp64b,decap,0,1,2090652.268,62719328,0,0,61134943,8404389952,0,0,3912636352,0,0,0,0,1584385,0,30.02667904
122,udp64b,decap,0,1,2089661.437,62688813,0,0,62239459,8400300942,0,0,3983325376,0,0,0,0,449354,0,30.02682805
123,udp64b,decap,0,1,2089661.437,62688813,0,0,62625567,8400300942,0,0,4008036288,0,0,0,0,63246,0,30.02134609
124,udp64b,decap,0,1,2089166.022,62673567,0,0,62673567,8398257978,0,0,4011108288,0,0,0,0,0,0,30.02554083
125,udp64b,both,0,1,8116883.117,243513384,74399575,243513384,79548164,32630793456,9969543050,15584856576,5091082496,0,0,0,0,163965220,169113809,40.00021291
126,udp64b,both,0,1,8116883.117,243513384,74389636,243513384,79519204,32630793456,9968211224,15584856576,5089229056,0,0,0,0,163994180,169123748,40.00071907
127,udp64b,both,0,1,4058441.558,121756692,55904896,121756692,59819719,16315396728,7491256064,7792428288,3828462016,0,0,0,0,61936973,65851796,30.01953316
128,udp64b,both,0,1,4058441.558,121756692,54986728,121756692,58894177,16315396728,7368221552,7792428288,3769227328,0,0,0,0,62862515,66769964,30.02483201
129,udp64b,both,0,1,2029220.779,60878346,55419528,60878346,59160280,8157698364,7426216752,3896214144,3786257920,0,0,0,0,1718066,5458818,30.01608014
130,udp64b,both,0,1,2029220.779,60878346,55329888,60878346,59158366,8157698364,7414204992,3896214144,3786135424,0,0,0,0,1719980,5548458,30.01244617
131,udp64b,both,0,1,1014610.39,30438275,30438275,30438275,30438275,4078728850,4078728850,1948049600,1948049600,0,0,0,0,0,0,30.02751708
132,udp64b,both,0,1,1521915.584,45656737,45656737,45656737,45656737,6118002758,6118002758,2922031168,2922031168,0,0,0,0,0,0,30.01060605
133,udp64b,both,0,1,1775568.182,53268160,53268160,53268160,53268160,7137933440,7137933440,3409162240,3409162240,0,0,0,0,0,0,30.01869106
134,udp64b,both,0,1,1902394.481,57072818,55403719,57072818,57072818,7647757612,7424098346,3652660352,3652660352,0,0,0,0,0,1669099,30.01803207
135,udp64b,both,0,1,1902394.481,57072818,55447189,57072818,57072818,7647757612,7429923326,3652660352,3652660352,0,0,0,0,0,1625629,30.02471209
136,udp64b,both,0,1,1838981.331,55169780,54370394,55169780,55122227,7392750520,7285632796,3530865920,3527822528,0,0,0,0,47553,799386,30.02662802
137,udp64b,both,0,1,1838981.331,55169780,54682906,55169780,55169780,7392750520,7327509404,3530865920,3530865920,0,0,0,0,0,486874,30.02436686
138,udp64b,both,0,1,1807274.756,54217976,54217976,54217976,54217976,7265208784,7265208784,3469950464,3469950464,0,0,0,0,0,0,30.02996683
139,udp64b,both,0,1,1823128.044,54692639,54692639,54692639,54692639,7328813626,7328813626,3500328896,3500328896,0,0,0,0,0,0,30.02301908
140,udp64b,both,0,1,1831054.688,54931637,54931637,54931637,54931637,7360839358,7360839358,3515624768,3515624768,0,0,0,0,0,0,30.02130198
141,udp64b,both,0,1,1835018.009,55051921,54539854,55051921,55051921,7376957414,7308340436,3523322944,3523322944,0,0,0,0,0,512067,30.0338819
142,udp64b,both,0,1,1835018.009,55051921,55051921,55051921,55051921,7376957414,7376957414,3523322944,3523322944,0,0,0,0,0,0,30.02819204
143,udp64b,both,0,1,1836999.67,55110787,55110787,55110787,55110787,7384845458,7384845458,3527090368,3527090368,0,0,0,0,0,0,30.02286601
144,udp64b,both,0,1,1837990.501,55140267,55140267,55140267,55140267,7388795778,7388795778,3528977088,3528977088,0,0,0,0,0,0,30.0184691
145,udp64b,both,0,1,1838485.916,55155020,55155020,55155020,55155020,7390772680,7390772680,3529921280,3529921280,0,0,0,0,0,0,30.02812314
146,udp128b,encap,0,1,5733944.954,0,58381376,172028063,0,0,11559512448,22019592064,0,0,0,0,0,0,113646687,30.02830601
147,udp128b,encap,0,1,5733944.954,0,57301283,172028063,0,0,11345654034,22019592064,0,0,0,0,0,0,114726780,30.02567315
148,udp128b,encap,0,1,2866972.477,0,57775608,86006855,0,0,11439570384,11008877440,0,0,0,0,0,0,28231247,30.02684999
149,udp128b,encap,0,1,2866972.477,0,57811140,86006855,0,0,11446605720,11008877440,0,0,0,0,0,0,28195715,30.02039981
150,udp128b,encap,0,1,1433486.239,0,43005222,43005222,0,0,8515033956,5504668416,0,0,0,0,0,0,0,30.01813602
151,udp128b,encap,0,1,2150229.358,0,57130414,64505141,0,0,11311821972,8256658048,0,0,0,0,0,0,7374727,30.03197002
152,udp128b,encap,0,1,2150229.358,0,58220778,64505141,0,0,11527714044,8256658048,0,0,0,0,0,0,6284363,30.02127194
153,udp128b,encap,0,1,1791857.798,0,53757088,53757088,0,0,10643903424,6880907264,0,0,0,0,0,0,0,30.02712083
154,udp128b,encap,0,1,1971043.578,0,58510326,59132180,0,0,11585044548,7568919040,0,0,0,0,0,0,621854,30.02662992
155,udp128b,encap,0,1,1971043.578,0,57322308,59132180,0,0,11349816984,7568919040,0,0,0,0,0,0,1809872,30.02048302
156,udp128b,encap,0,1,1881450.688,0,56444648,56444648,0,0,11176040304,7224914944,0,0,0,0,0,0,0,30.01777601
157,udp128b,encap,0,1,1926247.133,0,57786308,57786308,0,0,11441688984,7396647424,0,0,0,0,0,0,0,30.02600384
158,udp128b,encap,0,1,1948645.356,0,57788140,58458127,0,0,11442051720,7482640256,0,0,0,0,0,0,669987,30.02500391
159,udp128b,encap,0,1,1948645.356,0,58416746,58458127,0,0,11566515708,7482640256,0,0,0,0,0,0,41381,30.03280616
160,udp128b,encap,0,1,1937446.244,0,58121915,58121915,0,0,11508139170,7439605120,0,0,0,0,0,0,0,30.01815701
161,udp128b,encap,0,1,1943045.8,0,58292833,58292833,0,0,11541980934,7461482624,0,0,0,0,0,0,0,30.03366303
162,udp128b,encap,0,1,1945845.578,0,57905453,58375363,0,0,11465279694,7472046464,0,0,0,0,0,0,469910,30.02591085
163,udp128b,encap,0,1,1945845.578,0,57540911,58375363,0,0,11393100378,7472046464,0,0,0,0,0,0,834452,30.02814794
164,udp128b,encap,0,1,1944445.689,0,57585993,58332418,0,0,11402026614,7466549504,0,0,0,0,0,0,746425,30.01952505
165,udp128b,encap,0,1,1944445.689,0,57767850,58332418,0,0,11438034300,7466549504,0,0,0,0,0,0,564568,30.02774405
166,udp128b,encap,0,1,1943745.744,0,57553595,58312619,0,0,11395611810,7464015232,0,0,0,0,0,0,759024,30.02205896
167,udp128b,encap,0,1,1943745.744,0,57759534,58312619,0,0,11436387732,7464015232,0,0,0,0,0,0,553085,30.02425313
168,udp128b,encap,0,1,1943395.772,0,57693911,58302724,0,0,11423394378,7462748672,0,0,0,0,0,0,608813,30.02353787
169,udp128b,encap,0,1,1943395.772,0,58115902,58302724,0,0,11506948596,7462748672,0,0,0,0,0,0,186822,30.03148699
170,udp128b,decap,0,1,5733944.954,172028063,0,0,62309100,34061556474,0,0,7975564800,0,0,0,0,109718963,0,30.0180099
171,udp128b,decap,0,1,5733944.954,172028063,0,0,62356008,34061556474,0,0,7981569024,0,0,0,0,109672055,0,30.02489305
172,udp128b,decap,0,1,2866972.477,86006855,0,0,62516075,17029357290,0,0,8002057600,0,0,0,0,23490780,0,30.02886081
173,udp128b,decap,0,1,2866972.477,86006855,0,0,62519529,17029357290,0,0,8002499712,0,0,0,0,23487326,0,30.02499199
174,udp128b,decap,0,1,1433486.239,43005222,0,0,43005222,8515033956,0,0,5504668416,0,0,0,0,0,0,30.02676892
175,udp128b,decap,0,1,2150229.358,64505141,0,0,62297238,12772017918,0,0,7974046464,0,0,0,0,2207903,0,30.02886796
176,udp128b,decap,0,1,2150229.358,64505141,0,0,62364292,12772017918,0,0,7982629376,0,0,0,0,2140849,0,30.021492
177,udp128b,decap,0,1,1791857.798,53757088,0,0,53757088,10643903424,0,0,6880907264,0,0,0,0,0,0,30.02495193
178,udp128b,decap,0,1,1971043.578,59132180,0,0,59132180,11708171640,0,0,7568919040,0,0,0,0,0,0,30.02458
179,udp128b,decap,0,1,2060636.468,61820329,0,0,60625960,12240425142,0,0,7760122880,0,0,0,0,1194369,0,30.02818608
180,udp128b,decap,0,1,2060636.468,61820329,0,0,61812426,12240425142,0,0,7911990528,0,0,0,0,7903,0,30.02049494
181,udp128b,decap,0,1,2015840.023,60474753,0,0,60474753,11974001094,0,0,7740768384,0,0,0,0,0,0,30.02623391
182,udp128b,decap,0,1,2038238.245,61145578,0,0,61145578,12106824444,0,0,7826633984,0,0,0,0,0,0,30.02254319
183,udp128b,decap,0,1,2049437.357,61484769,0,0,60519784,12173984262,0,0,7746532352,0,0,0,0,964985,0,30.02462721
184,udp128b,decap,0,1,2049437.357,61484769,0,0,61484769,12173984262,0,0,7870050432,0,0,0,0,0,0,30.01763487
185,udp128b,decap,0,1,2055036.912,61650249,0,0,60462890,12206749302,0,0,7739249920,0,0,0,0,1187359,0,30.020365
186,udp128b,decap,0,1,2055036.912,61650249,0,0,61646592,12206749302,0,0,7890763776,0,0,0,0,3657,0,30.02261209
187,udp128b,decap,0,1,2052237.134,61565559,0,0,61565559,12189980682,0,0,7880391552,0,0,0,0,0,0,30.02610779
188,udp128b,decap,0,1,2053637.023,61609716,0,0,61609716,12198723768,0,0,7886043648,0,0,0,0,0,0,30.02450013
189,udp128b,decap,0,1,2054336.968,61631818,0,0,61631818,12203099964,0,0,7888872704,0,0,0,0,0,0,30.02867389
190,udp128b,decap,0,1,2054686.94,61639189,0,0,61506590,12204559422,0,0,7872843520,0,0,0,0,132599,0,30.02771401
191,udp128b,decap,0,1,2054686.94,61639189,0,0,60620207,12204559422,0,0,7759386496,0,0,0,0,1018982,0,30.0222981
192,udp128b,both,0,1,5733944.954,172028063,70507765,172028063,75938764,34061556474,13960537470,22019592064,9720161792,0,0,0,0,96089299,101520298,39.46837997
193,udp128b,both,0,1,5733944.954,172028063,71001988,172028063,76558162,34061556474,14058393624,22019592064,9799444736,0,0,0,0,95469901,101026075,39.46421218
194,udp128b,both,0,1,2866972.477,86006855,54121188,86006855,58215288,17029357290,10715995224,11008877440,7451556864,0,0,0,0,27791567,31885667,30.02764297
195,udp128b,both,0,1,2866972.477,86006855,53998552,86006855,58053803,17029357290,10691713296,11008877440,7430886784,0,0,0,0,27953052,32008303,30.01733589
196,udp128b,both,0,1,1433486.239,43005222,43005222,43005222,43005222,8515033956,8515033956,5504668416,5504668416,0,0,0,0,0,0,30.0235889
197,udp128b,both,0,1,2150229.358,64505141,53970740,64505141,58185546,12772017918,10686206520,8256658048,7447749888,0,0,0,0,6319595,10534401,30.03444314
198,udp128b,both,0,1,2150229.358,64505141,54066144,64505141,58124122,12772017918,10705096512,8256658048,7439887616,0,0,0,0,6381019,10438997,30.02547717
199,udp128b,both,0,1,1791857.798,53757088,53757088,53757088,53757088,10643903424,10643903424,6880907264,6880907264,0,0,0,0,0,0,30.02364898
200,udp128b,both,0,1,1971043.578,59132180,54156729,59132180,58042691,11708171640,10723032342,7568919040,7429464448,0,0,0,0,1089489,4975451,30.01949286
201,udp128b,both,0,1,1971043.578,59132180,54072485,59132180,58226852,11708171640,10706352030,7568919040,7453037056,0,0,0,0,905328,5059695,30.00803208
202,udp128b,both,0,1,1881450.688,56444648,53714691,56444648,56444648,11176040304,10635508818,7224914944,7224914944,0,0,0,0,0,2729957,30.0210309
203,udp128b,both,0,1,1881450.688,56444648,52584875,56444648,56294451,11176040304,10411805250,7224914944,7205689728,0,0,0,0,150197,3859773,30.02801681
204,udp128b,both,0,1,1836654.243,55099004,52698929,55099004,55099004,10909602792,10434387942,7052672512,7052672512,0,0,0,0,0,2400075,30.02082014
205,udp128b,both,0,1,1836654.243,55099004,52708618,55099004,55098719,10909602792,10436306364,7052672512,7052636032,0,0,0,0,285,2390386,30.01823092
206,udp128b,both,0,1,1814256.021,54426958,53399387,54426958,54426958,10776537684,10573078626,6966650624,6966650624,0,0,0,0,0,1027571,30.02387095
207,udp128b,both,0,1,1814256.021,54426958,53613586,54426958,54426958,10776537684,10615490028,6966650624,6966650624,0,0,0,0,0,813372,30.03159881
208,udp128b,both,0,1,1803056.909,54092788,53944301,54092788,54092788,10710372024,10680971598,6923876864,6923876864,0,0,0,0,0,148487,30.020895
209,udp128b,both,0,1,1803056.909,54092788,53808242,54092788,54092788,10710372024,10654031916,6923876864,6923876864,0,0,0,0,0,284546,30.03213096
210,udp128b,both,0,1,1797457.354,53923005,53805250,53923005,53923005,10676754990,10653439500,6902144640,6902144640,0,0,0,0,0,117755,30.01790714
211,udp128b,both,0,1,1797457.354,53923005,53923005,53923005,53923005,10676754990,10676754990,6902144640,6902144640,0,0,0,0,0,0,30.03019905
212,udp128b,both,0,1,1800257.132,54007763,53974544,54007763,54007763,10693537074,10686959712,6912993664,6912993664,0,0,0,0,0,33219,30.01639318
213,udp128b,both,0,1,1800257.132,54007763,53991892,54007763,54007763,10693537074,10690394616,6912993664,6912993664,0,0,0,0,0,15871,30.02008581
214,udp128b,both,0,1,1798857.243,53965351,53856870,53965351,53965351,10685139498,10663660260,6907564928,6907564928,0,0,0,0,0,108481,30.02297902
215,udp128b,both,0,1,1798857.243,53965351,53937802,53965351,53965351,10685139498,10679684796,6907564928,6907564928,0,0,0,0,0,27549,30.01975417
216,udp128b,both,0,1,1798157.298,53945581,53924341,53945581,53945581,10681225038,10677019518,6905034368,6905034368,0,0,0,0,0,21240,30.01099491
217,udp128b,both,0,1,1798157.298,53945581,53923424,53945581,53945581,10681225038,10676837952,6905034368,6905034368,0,0,0,0,0,22157,30.01912594
218,udp128b,both,0,1,1797807.326,53934291,53892999,53934291,53934291,10678989618,10670813802,6903589248,6903589248,0,0,0,0,0,41292,30.0165391
219,udp128b,both,0,1,1797807.326,53934291,53928896,53934291,53934291,10678989618,10677921408,6903589248,6903589248,0,0,0,0,0,5395,30.0259161
220,udp256b,encap,0,1,3612716.763,0,57136009,108378946,0,0,18626338934,27745010176,0,0,0,0,0,0,51242937,30.02463007
221,udp256b,encap,0,1,3612716.763,0,57087871,108378946,0,0,18610645946,27745010176,0,0,0,0,0,0,51291075,30.02422714
222,udp256b,encap,0,1,1806358.382,0,54189473,54189473,0,0,17665768198,13872505088,0,0,0,0,0,0,0,30.02851105
223,udp256b,encap,0,1,2709537.572,0,57084509,81286346,0,0,18609549934,20809304576,0,0,0,0,0,0,24201837,30.01708913
224,udp256b,encap,0,1,2709537.572,0,57162682,81286346,0,0,18635034332,20809304576,0,0,0,0,0,0,24123664,30.02240896
225,udp256b,encap,0,1,2257947.977,0,55037450,67739512,0,0,17942208700,17341315072,0,0,0,0,0,0,12702062,30.02833009
226,udp256b,encap,0,1,2257947.977,0,56196200,67739512,0,0,18319961200,17341315072,0,0,0,0,0,0,11543312,30.01439595
227,udp256b,encap,0,1,2032153.179,0,56517503,60964760,0,0,18424705978,15606978560,0,0,0,0,0,0,4447257,30.02001286
228,udp256b,encap,0,1,2032153.179,0,56857587,60964760,0,0,18535573362,15606978560,0,0,0,0,0,0,4107173,30.02787495
229,udp256b,encap,0,1,1919255.78,0,56776960,57576504,0,0,18509288960,14739585024,0,0,0,0,0,0,799544,30.02377009
230,udp256b,encap,0,1,1919255.78,0,57028152,57576504,0,0,18591177552,14739585024,0,0,0,0,0,0,548352,30.01065707
231,udp256b,encap,0,1,1862807.081,0,55884639,55884639,0,0,18218392314,14306467584,0,0,0,0,0,0,0,30.02007699
232,udp256b,encap,0,1,1891031.431,0,56730444,56730444,0,0,18494124744,14522993664,0,0,0,0,0,0,0,30.02180099
233,udp256b,encap,0,1,1905143.605,0,57085400,57155096,0,0,18609840400,14631704576,0,0,0,0,0,0,69696,30.01992917
234,udp256b,encap,0,1,1905143.605,0,57106640,57155096,0,0,18616764640,14631704576,0,0,0,0,0,0,48456,30.0143559
235,udp256b,encap,0,1,1898087.518,0,56940516,56943551,0,0,18562608216,14577549056,0,0,0,0,0,0,3035,30.02007699
236,udp256b,encap,0,1,1898087.518,0,56942556,56943551,0,0,18563273256,14577549056,0,0,0,0,0,0,995,30.02028108
237,udp256b,encap,0,1,1894559.474,0,56836798,56836798,0,0,18528796148,14550220288,0,0,0,0,0,0,0,30.02655005
238,udp256b,encap,0,1,1896323.496,0,56890116,56890124,0,0,18546177816,14563871744,0,0,0,0,0,0,8,30.02594495
239,udp256b,encap,0,1,1896323.496,0,56889120,56890124,0,0,18545853120,14563871744,0,0,0,0,0,0,1004,30.01116419
240,udp256b,encap,0,1,1895441.485,0,56860903,56861880,0,0,18536654378,14556641280,0,0,0,0,0,0,977,30.02426195
241,udp256b,encap,0,1,1895441.485,0,56861880,56861880,0,0,18536972880,14556641280,0,0,0,0,0,0,0,30.016927
242,udp256b,encap,0,1,1895882.491,0,56874049,56877568,0,0,18540939974,14560657408,0,0,0,0,0,0,3519,30.01437593
243,udp256b,encap,0,1,1895882.491,0,56877568,56877568,0,0,18542087168,14560657408,0,0,0,0,0,0,0,30.02258396
244,udp256b,encap,0,1,1896102.993,0,56883845,56883845,0,0,18544133470,14562264320,0,0,0,0,0,0,0,30.02920699
245,udp256b,decap,0,1,3612716.763,108378946,0,0,61268042,35331536396,0,0,15684618752,0,0,0,0,47110904,0,30.02236605
246,udp256b,decap,0,1,3612716.763,108378946,0,0,61873988,35331536396,0,0,15839740928,0,0,0,0,46504958,0,30.022228
247,udp256b,decap,0,1,1806358.382,54189473,0,0,54189473,17665768198,0,0,13872505088,0,0,0,0,0,0,30.01936102
248,udp256b,decap,0,1,2709537.572,81286346,0,0,62201825,26499348796,0,0,15923667200,0,0,0,0,19084521,0,30.01483893
249,udp256b,decap,0,1,2709537.572,81286346,0,0,62153308,26499348796,0,0,15911246848,0,0,0,0,19133038,0,30.025419
250,udp256b,decap,0,1,2257947.977,67739512,0,0,61488330,22083080912,0,0,15741012480,0,0,0,0,6251182,0,30.01654792
251,udp256b,decap,0,1,2257947.977,67739512,0,0,62014930,22083080912,0,0,15875822080,0,0,0,0,5724582,0,30.02681684
252,udp256b,decap,0,1,2032153.179,60964760,0,0,60964760,19874511760,0,0,15606978560,0,0,0,0,0,0,30.02012992
253,udp256b,decap,0,1,2145050.578,64352114,0,0,62060106,20978789164,0,0,15887387136,0,0,0,0,2292008,0,30.02740097
254,udp256b,decap,0,1,2145050.578,64352114,0,0,62122788,20978789164,0,0,15903433728,0,0,0,0,2229326,0,30.02263093
255,udp256b,decap,0,1,2088601.879,62658328,0,0,61999230,20426614928,0,0,15871802880,0,0,0,0,659098,0,30.02247906
256,udp256b,decap,0,1,2088601.879,62658328,0,0,62019972,20426614928,0,0,15877112832,0,0,0,0,638356,0,30.02613688
257,udp256b,decap,0,1,2060377.529,61812914,0,0,60812740,20151009964,0,0,15568061440,0,0,0,0,1000174,0,30.02283788
258,udp256b,decap,0,1,2060377.529,61812914,0,0,61798244,20151009964,0,0,15820350464,0,0,0,0,14670,0,30.02357578
259,udp256b,decap,0,1,2046265.354,61389563,0,0,61389563,20012997538,0,0,15715728128,0,0,0,0,0,0,30.02605009
260,udp256b,decap,0,1,2053321.441,61598671,0,0,61598568,20081166746,0,0,15769233408,0,0,0,0,103,0,30.02529311
261,udp256b,decap,0,1,2053321.441,61598671,0,0,61596792,20081166746,0,0,15768778752,0,0,0,0,1879,0,30.02709508
262,udp256b,decap,0,1,2049793.398,61492105,0,0,61492105,20046426230,0,0,15741978880,0,0,0,0,0,0,30.01832008
263,udp256b,decap,0,1,2051557.42,61547179,0,0,61395911,20064380354,0,0,15717353216,0,0,0,0,151268,0,30.02525496
264,udp256b,decap,0,1,2051557.42,61547179,0,0,61540542,20064380354,0,0,15754378752,0,0,0,0,6637,0,30.02196288
265,udp256b,decap,0,1,2050675.409,61521466,0,0,61521466,20055997916,0,0,15749495296,0,0,0,0,0,0,30.00865006
266,udp256b,decap,0,1,2051116.414,61532483,0,0,61532483,20059589458,0,0,15752315648,0,0,0,0,0,0,30.01263404
267,udp256b,decap,0,1,2051336.917,61539830,0,0,61539830,20061984580,0,0,15754196480,0,0,0,0,0,0,30.02119708
268,udp256b,both,0,1,3612716.763,108378946,66387944,108378946,72125549,35331536396,21642469744,27745010176,18464140544,0,0,0,0,36253397,41991002,39.01654387
269,udp256b,both,0,1,3612716.763,108378946,66351901,108378946,72259913,35331536396,21630719726,27745010176,18498537728,0,0,0,0,36119033,42027045,39.03073788
270,udp256b,both,0,1,1806358.382,54189473,50862733,54189473,54189473,17665768198,16581250958,13872505088,13872505088,0,0,0,0,0,3326740,30.03150487
271,udp256b,both,0,1,1806358.382,54189473,51031798,54189473,54189473,17665768198,16636366148,13872505088,13872505088,0,0,0,0,0,3157675,30.01871109
272,udp256b,both,0,1,903179.1908,27095449,27095449,27095449,27095449,8833116374,8833116374,6936434944,6936434944,0,0,0,0,0,0,30.02568316
273,udp256b,both,0,1,1354768.786,40643173,40643173,40643173,40643173,13249674398,13249674398,10404652288,10404652288,0,0,0,0,0,0,30.02801514
274,udp256b,both,0,1,1580563.584,47416724,47416724,47416724,47416724,15457852024,15457852024,12138681344,12138681344,0,0,0,0,0,0,30.02826214
275,udp256b,both,0,1,1693460.983,50802965,50136809,50802965,50802965,16561766590,16344599734,13005559040,13005559040,0,0,0,0,0,666156,30.01976514
276,udp256b,both,0,1,1693460.983,50802965,50500738,50802965,50802965,16561766590,16463240588,13005559040,13005559040,0,0,0,0,0,302227,30.02823186
277,udp256b,both,0,1,1637012.283,49111066,49111066,49111066,49111066,16010207516,16010207516,12572432896,12572432896,0,0,0,0,0,0,30.02466702
278,udp256b,both,0,1,1665236.633,49956003,49851638,49956003,49956003,16285656978,16251633988,12788736768,12788736768,0,0,0,0,0,104365,30.01844502
279,udp256b,both,0,1,1665236.633,49956003,49956003,49956003,49956003,16285656978,16285656978,12788736768,12788736768,0,0,0,0,0,0,30.03267598
280,udp256b,both,0,1,1679348.808,50380849,50380849,50380849,50380849,16424156774,16424156774,12897497344,12897497344,0,0,0,0,0,0,30.02270007
281,udp256b,both,0,1,1686404.895,50591026,50591026,50591026,50591026,16492674476,16492674476,12951302656,12951302656,0,0,0,0,0,0,30.02747107
282,udp256b,both,0,1,1689932.939,50698021,50697946,50698021,50698021,16527554846,16527530396,12978693376,12978693376,0,0,0,0,0,75,30.02001619
283,udp256b,both,0,1,1689932.939,50698021,50698021,50698021,50698021,16527554846,16527554846,12978693376,12978693376,0,0,0,0,0,0,30.02905202
284,udp256b,both,0,1,1691696.961,50750439,50750439,50750439,50750439,16544643114,16544643114,12992112384,12992112384,0,0,0,0,0,0,30.03091788
285,udp256b,both,0,1,1692578.972,50777939,50777939,50777939,50777939,16553608114,16553608114,12999152384,12999152384,0,0,0,0,0,0,30.02470493
286,udp256b,both,0,1,1693019.977,50790449,50790449,50790449,50790449,16557686374,16557686374,13002354944,13002354944,0,0,0,0,0,0,30.02965593
287,udp256b,both,0,1,1693240.48,50797958,50797958,50797958,50797958,16560134308,16560134308,13004277248,13004277248,0,0,0,0,0,0,30.02388811
288,udp512b,encap,0,1,2076411.96,0,51098373,62291042,0,0,29739253086,31893013504,0,0,0,0,0,0,11192669,30.02090693
289,udp512b,encap,0,1,2076411.96,0,51123257,62291042,0,0,29753735574,31893013504,0,0,0,0,0,0,11167785,30.02017307
290,udp512b,encap,0,1,1038205.98,0,31146462,31146462,0,0,18127240884,15946988544,0,0,0,0,0,0,0,30.01196003
291,udp512b,encap,0,1,1557308.97,0,46718281,46718281,0,0,27190039542,23919759872,0,0,0,0,0,0,0,30.02552199
292,udp512b,encap,0,1,1816860.465,0,51144735,54504662,0,0,29766235770,27906386944,0,0,0,0,0,0,3359927,30.02236509
293,udp512b,encap,0,1,1816860.465,0,51113732,54504662,0,0,29748192024,27906386944,0,0,0,0,0,0,3390930,30.01981807
294,udp512b,encap,0,1,1687084.718,0,49818946,50613383,0,0,28994626572,25914052096,0,0,0,0,0,0,794437,30.02248216
295,udp512b,encap,0,1,1687084.718,0,50398729,50613383,0,0,29332060278,25914052096,0,0,0,0,0,0,214654,30.02732301
296,udp512b,encap,0,1,1622196.844,0,48636646,48665887,0,0,28306527972,24916934144,0,0,0,0,0,0,29241,30.02407193
297,udp512b,encap,0,1,1622196.844,0,48665887,48665887,0,0,28323546234,24916934144,0,0,0,0,0,0,0,30.02453804
298,udp512b,encap,0,1,1654640.781,0,49638455,49638455,0,0,28889580810,25414888960,0,0,0,0,0,0,0,30.01328588
299,udp512b,encap,0,1,1670862.749,0,50126053,50126053,0,0,29173362846,25664539136,0,0,0,0,0,0,0,30.02534199
300,udp512b,encap,0,1,1678973.733,0,50368540,50368540,0,0,29314490280,25788692480,0,0,0,0,0,0,0,30.02373314
301,udp512b,encap,0,1,1683029.226,0,50491714,50491901,0,0,29386177548,25851853312,0,0,0,0,0,0,187,30.01826692
302,udp512b,encap,0,1,1683029.226,0,50491901,50491901,0,0,29386286382,25851853312,0,0,0,0,0,0,0,30.01694798
303,udp512b,encap,0,1,1685056.972,0,50551330,50551330,0,0,29420874060,25882280960,0,0,0,0,0,0,0,30.02563214
304,udp512b,encap,0,1,1686070.845,0,50581096,50581096,0,0,29438197872,25897521152,0,0,0,0,0,0,0,30.02468991
305,udp512b,encap,0,1,1686577.781,0,50596138,50598476,0,0,29446952316,25906419712,0,0,0,0,0,0,2338,30.02434206
306,udp512b,encap,0,1,1686577.781,0,50595166,50598476,0,0,29446386612,25906419712,0,0,0,0,0,0,3310,30.02084088
307,udp512b,encap,0,1,1686324.313,0,50588543,50588543,0,0,29442532026,25901334016,0,0,0,0,0,0,0,30.02585888
308,udp512b,encap,0,1,1686451.047,0,50591472,50593509,0,0,29444236704,25903876608,0,0,0,0,0,0,2037,30.01694202
309,udp512b,encap,0,1,1686451.047,0,50593509,50593509,0,0,29445422238,25903876608,0,0,0,0,0,0,0,30.0232482
310,udp512b,decap,0,1,2076411.96,62291042,0,0,56869965,36253386444,0,0,29117422080,0,0,0,0,5421077,0,30.02217197
311,udp512b,decap,0,1,2076411.96,62291042,0,0,57657117,36253386444,0,0,29520443904,0,0,0,0,4633925,0,30.02619791
312,udp512b,decap,0,1,1038205.98,31146462,0,0,31146462,18127240884,0,0,15946988544,0,0,0,0,0,0,30.02407908
313,udp512b,decap,0,1,1557308.97,46718281,0,0,46718281,27190039542,0,0,23919759872,0,0,0,0,0,0,30.02439284
314,udp512b,decap,0,1,1816860.465,54504662,0,0,54504662,31721713284,0,0,27906386944,0,0,0,0,0,0,30.02186799
315,udp512b,decap,0,1,1946636.213,58398513,0,0,58148016,33987934566,0,0,29771784192,0,0,0,0,250497,0,30.0195899
316,udp512b,decap,0,1,1946636.213,58398513,0,0,58147766,33987934566,0,0,29771656192,0,0,0,0,250747,0,30.02489614
317,udp512b,decap,0,1,1881748.339,56453922,0,0,56452272,32856182604,0,0,28903563264,0,0,0,0,1650,0,30.02753592
318,udp512b,decap,0,1,1881748.339,56453922,0,0,56453922,32856182604,0,0,28904408064,0,0,0,0,0,0,30.01272678
319,udp512b,decap,0,1,1914192.276,57425747,0,0,57425291,33421784754,0,0,29401748992,0,0,0,0,456,0,30.02593803
320,udp512b,decap,0,1,1914192.276,57425747,0,0,57420257,33421784754,0,0,29399171584,0,0,0,0,5490,0,30.01684213
321,udp512b,decap,0,1,1897970.307,56940405,0,0,56940405,33139315710,0,0,29153487360,0,0,0,0,0,0,30.0218761
322,udp512b,decap,0,1,1906081.292,57183633,0,0,57183633,33280874406,0,0,29278020096,0,0,0,0,0,0,30.02663898
323,udp512b,decap,0,1,1910136.784,57304434,0,0,57304434,33351180588,0,0,29339870208,0,0,0,0,0,0,30.0163269
324,udp512b,decap,0,1,1912164.53,57365026,0,0,57365026,33386445132,0,0,29370893312,0,0,0,0,0,0,30.02294707
325,udp512b,decap,0,1,1913178.403,57393773,0,0,57393773,33403175886,0,0,29385611776,0,0,0,0,0,0,30.01999378
326,udp512b,decap,0,1,1913685.339,57409756,0,0,56512014,33412477992,0,0,28934151168,0,0,0,0,897742,0,30.02046299
327,udp512b,decap,0,1,1913685.339,57409756,0,0,57408328,33412477992,0,0,29393063936,0,0,0,0,1428,0,30.02262187
328,udp512b,decap,0,1,1913431.871,57403361,0,0,57402927,33408756102,0,0,29390298624,0,0,0,0,434,0,30.02382779
329,udp512b,decap,0,1,1913431.871,57403361,0,0,57402854,33408756102,0,0,29390261248,0,0,0,0,507,0,30.0269351
330,udp512b,decap,0,1,1913305.137,57400165,0,0,57399523,33406896030,0,0,29388555776,0,0,0,0,642,0,30.02338409
331,udp512b,decap,0,1,1913305.137,57400165,0,0,57400165,33406896030,0,0,29388884480,0,0,0,0,0,0,30.02550912
332,udp512b,both,0,1,2076411.96,62291042,48461015,62291042,49700192,36253386444,28204310730,31893013504,25446498304,0,0,0,0,12590850,13830027,40.968364
333,udp512b,both,0,1,2076411.96,62291042,48919818,62291042,50505322,36253386444,28471334076,31893013504,25858724864,0,0,0,0,11785720,13371224,40.97500205
334,udp512b,both,0,1,1038205.98,31146462,31146462,31146462,31146462,18127240884,18127240884,15946988544,15946988544,0,0,0,0,0,0,30.02897811
335,udp512b,both,0,1,1557308.97,46718281,36623797,46718281,37655412,27190039542,21315049854,23919759872,19279570944,0,0,0,0,9062869,10094484,30.72894216
336,udp512b,both,0,1,1557308.97,46718281,36298181,46718281,37077969,27190039542,21125541342,23919759872,18983920128,0,0,0,0,9640312,10420100,30.7322979
337,udp512b,both,0,1,1297757.475,38933078,35779143,38933078,36893637,22659051396,20823461226,19933735936,18889542144,0,0,0,0,2039441,3153935,30.02431512
338,udp512b,both,0,1,1297757.475,38933078,35785435,38933078,37023282,22659051396,20827123170,19933735936,18955920384,0,0,0,0,1909796,3147643,30.02435684
339,udp512b,both,0,1,1167981.728,35039505,35039505,35039505,35039505,20392991910,20392991910,17940226560,17940226560,0,0,0,0,0,0,30.03264594
340,udp512b,both,0,1,1232869.601,36985725,35637370,36985725,36675741,21525691950,20740949340,18936691200,18777979392,0,0,0,0,309984,1348355,30.02199411
341,udp512b,both,0,1,1232869.601,36985725,35527487,36985725,36653827,21525691950,20676997434,18936691200,18766759424,0,0,0,0,331898,1458238,30.02449393
342,udp512b,both,0,1,1200425.664,36012723,35598393,36012723,36012723,20959404786,20718264726,18438514176,18438514176,0,0,0,0,0,414330,30.02914596
343,udp512b,both,0,1,1200425.664,36012723,36012723,36012723,36012723,20959404786,20959404786,18438514176,18438514176,0,0,0,0,0,0,30.02698803
344,udp512b,both,0,1,1216647.633,36499847,35887095,36499847,36499847,21242910954,20886289290,18687921664,18687921664,0,0,0,0,0,612752,30.02578211
345,udp512b,both,0,1,1216647.633,36499847,35812361,36499847,36499847,21242910954,20842794102,18687921664,18687921664,0,0,0,0,0,687486,30.02227402
346,udp512b,both,0,1,1208536.649,36255924,35793121,36255924,36255924,21100947768,20831596422,18563033088,18563033088,0,0,0,0,0,462803,30.01591015
347,udp512b,both,0,1,1208536.649,36255924,35797839,36255924,36255924,21100947768,20834342298,18563033088,18563033088,0,0,0,0,0,458085,30.02891493
348,udp512b,both,0,1,1204481.157,36133914,35183570,36133914,36133914,21029937948,20476837740,18500563968,18500563968,0,0,0,0,0,950344,30.03354001
349,udp512b,both,0,1,1204481.157,36133914,35587089,36133914,36133914,21029937948,20711685798,18500563968,18500563968,0,0,0,0,0,546825,30.02903199
350,udp512b,both,0,1,1202453.411,36073217,35675737,36073217,36073217,20994612294,20763278934,18469487104,18469487104,0,0,0,0,0,397480,30.01817608
351,udp512b,both,0,1,1202453.411,36073217,35693650,36073217,36073217,20994612294,20773704300,18469487104,18469487104,0,0,0,0,0,379567,30.03038716
352,udp512b,both,0,1,1201439.537,36042944,36042944,36042944,36042944,20976993408,20976993408,18453987328,18453987328,0,0,0,0,0,0,30.02664208
353,udp512b,both,0,1,1201946.474,36058074,35772572,36058074,36058074,20985799068,20819636904,18461733888,18461733888,0,0,0,0,0,285502,30.02323413
354,udp512b,both,0,1,1201946.474,36058074,35131809,36058074,36058074,20985799068,20446712838,18461733888,18461733888,0,0,0,0,0,926265,30.02905393
355,udp512b,both,0,1,1201693.006,36050508,36050508,36050508,36050508,20981395656,20981395656,18457860096,18457860096,0,0,0,0,0,0,30.02176309
356,udp512b,both,0,1,1201819.74,36054290,36054290,36054290,36054290,20983596780,20983596780,18459796480,18459796480,0,0,0,0,0,0,30.03154802
357,udp1024b,encap,0,1,1122082.585,0,33662917,33662917,0,0,36827231198,34470827008,0,0,0,0,0,0,0,30.02332592
358,udp1024b,encap,0,1,1683123.878,0,46727084,50494375,0,0,51119429896,51706240000,0,0,0,0,0,0,3767291,42.18915892
359,udp1024b,encap,0,1,1683123.878,0,47035699,50494375,0,0,51457054706,51706240000,0,0,0,0,0,0,3458676,42.19537497
360,udp1024b,encap,0,1,1402603.232,0,38569814,42078302,0,0,42195376516,43088181248,0,0,0,0,0,0,3508488,35.16856599
361,udp1024b,encap,0,1,1402603.232,0,39144433,42078302,0,0,42824009702,43088181248,0,0,0,0,0,0,2933869,35.15653801
362,udp1024b,encap,0,1,1262342.908,0,34917910,37870317,0,0,38200193540,38779204608,0,0,0,0,0,0,2952407,31.65339208
363,udp1024b,encap,0,1,1262342.908,0,35174496,37870317,0,0,38480898624,38779204608,0,0,0,0,0,0,2695821,31.64473891
364,udp1024b,encap,0,1,1192212.747,0,32886127,35766557,0,0,35977422938,36624954368,0,0,0,0,0,0,2880430,30.02393103
365,udp1024b,encap,0,1,1192212.747,0,33393710,35766557,0,0,36532718740,36624954368,0,0,0,0,0,0,2372847,30.02940702
366,udp1024b,encap,0,1,1157147.666,0,33420592,34714989,0,0,36562127648,35548148736,0,0,0,0,0,0,1294397,30.02587605
367,udp1024b,encap,0,1,1157147.666,0,33549102,34714989,0,0,36702717588,35548148736,0,0,0,0,0,0,1165887,30.01943016
368,udp1024b,encap,0,1,1139615.126,0,33402674,34188795,0,0,36542525356,35009326080,0,0,0,0,0,0,786121,30.02153897
369,udp1024b,encap,0,1,1139615.126,0,32841838,34188795,0,0,35928970772,35009326080,0,0,0,0,0,0,1346957,30.01589394
370,udp1024b,encap,0,1,1130848.855,0,33654229,33925493,0,0,36817726526,34739704832,0,0,0,0,0,0,271264,30.01836801
371,udp1024b,encap,0,1,1130848.855,0,33664501,33925493,0,0,36828964094,34739704832,0,0,0,0,0,0,260992,30.02356505
372,udp1024b,encap,0,1,1126465.72,0,33664492,33794248,0,0,36828954248,34605309952,0,0,0,0,0,0,129756,30.02560711
373,udp1024b,encap,0,1,1126465.72,0,33664474,33794248,0,0,36828934556,34605309952,0,0,0,0,0,0,129774,30.02304792
374,udp1024b,encap,0,1,1124274.153,0,33239640,33727903,0,0,36364166160,34537372672,0,0,0,0,0,0,488263,30.01669192
375,udp1024b,encap,0,1,1124274.153,0,33664481,33727903,0,0,36828942214,34537372672,0,0,0,0,0,0,63422,30.02759504
376,udp1024b,encap,0,1,1123178.369,0,33664468,33694828,0,0,36828927992,34503503872,0,0,0,0,0,0,30360,30.01081491
377,udp1024b,encap,0,1,1123178.369,0,33664471,33694828,0,0,36828931274,34503503872,0,0,0,0,0,0,30357,30.02775502
378,udp1024b,encap,0,1,1122630.477,0,33664484,33679415,0,0,36828945496,34487720960,0,0,0,0,0,0,14931,30.02651811
379,udp1024b,encap,0,1,1122630.477,0,33664476,33679415,0,0,36828936744,34487720960,0,0,0,0,0,0,14939,30.02437997
380,udp1024b,encap,0,1,1122356.531,0,33664484,33670614,0,0,36828945496,34478708736,0,0,0,0,0,0,6130,30.02476907
381,udp1024b,encap,0,1,1122356.531,0,33664472,33670614,0,0,36828932368,34478708736,0,0,0,0,0,0,6142,30.01627803
382,udp1024b,encap,0,1,1122219.558,0,33664430,33666215,0,0,36828886420,34474204160,0,0,0,0,0,0,1785,30.02218795
383,udp1024b,encap,0,1,1122219.558,0,33664465,33666215,0,0,36828924710,34474204160,0,0,0,0,0,0,1750,30.02378511
384,udp1024b,encap,0,1,1122151.072,0,33664016,33664016,0,0,36828433504,34471952384,0,0,0,0,0,0,0,30.03170896
385,udp1024b,decap,0,1,1122082.585,33662917,0,0,33662917,36827231198,0,0,34470827008,0,0,0,0,0,0,30.02490711
386,udp1024b,decap,0,1,1683123.878,50494375,0,0,50494375,55240846250,0,0,51706240000,0,0,0,0,0,0,45.02708411
387,udp1024b,decap,0,1,1683123.878,50494375,0,0,50494375,55240846250,0,0,51706240000,0,0,0,0,0,0,45.00972414
388,udp1024b,decap,0,1,1402603.232,42078302,0,0,42078302,46033662388,0,0,43088181248,0,0,0,0,0,0,37.52304101
389,udp1024b,decap,0,1,1402603.232,42078302,0,0,42078302,46033662388,0,0,43088181248,0,0,0,0,0,0,37.51772285
390,udp1024b,decap,0,1,1262342.908,37870317,0,0,37870317,41430126798,0,0,38779204608,0,0,0,0,0,0,33.76970696
391,udp1024b,decap,0,1,1262342.908,37870317,0,0,37870317,41430126798,0,0,38779204608,0,0,0,0,0,0,33.77657104
392,udp1024b,decap,0,1,1192212.747,35766557,0,0,35766557,39128613358,0,0,36624954368,0,0,0,0,0,0,31.89751005
393,udp1024b,decap,0,1,1192212.747,35766557,0,0,35766557,39128613358,0,0,36624954368,0,0,0,0,0,0,31.89809799
394,udp1024b,decap,0,1,1157147.666,34714989,0,0,34714989,37978197966,0,0,35548148736,0,0,0,0,0,0,30.961936
395,udp1024b,decap,0,1,1157147.666,34714989,0,0,34714989,37978197966,0,0,35548148736,0,0,0,0,0,0,30.95769191
396,udp1024b,decap,0,1,1139615.126,34188795,0,0,34188795,37402541730,0,0,35009326080,0,0,0,0,0,0,30.48586988
397,udp1024b,decap,0,1,1139615.126,34188795,0,0,34188795,37402541730,0,0,35009326080,0,0,0,0,0,0,30.48545504
398,udp1024b,decap,0,1,1130848.855,33925493,0,0,33925493,37114489342,0,0,34739704832,0,0,0,0,0,0,30.25743818
399,udp1024b,decap,0,1,1130848.855,33925493,0,0,33925493,37114489342,0,0,34739704832,0,0,0,0,0,0,30.25971103
400,udp1024b,decap,0,1,1126465.72,33794248,0,0,33794248,36970907312,0,0,34605309952,0,0,0,0,0,0,30.13221192
401,udp1024b,decap,0,1,1126465.72,33794248,0,0,33794248,36970907312,0,0,34605309952,0,0,0,0,0,0,30.1462729
402,udp1024b,decap,0,1,1124274.153,33727903,0,0,33727903,36898325882,0,0,34537372672,0,0,0,0,0,0,30.08525896
403,udp1024b,decap,0,1,1124274.153,33727903,0,0,33727903,36898325882,0,0,34537372672,0,0,0,0,0,0,30.07973504
404,udp1024b,decap,0,1,1123178.369,33694828,0,0,33694828,36862141832,0,0,34503503872,0,0,0,0,0,0,30.04772305
405,udp1024b,decap,0,1,1123726.261,33711357,0,0,33711357,36880224558,0,0,34520429568,0,0,0,0,0,0,30.05908084
406,udp1024b,decap,0,1,1123726.261,33711357,0,0,33711357,36880224558,0,0,34520429568,0,0,0,0,0,0,30.0642519
407,udp1024b,decap,0,1,1123452.315,33703641,0,0,33703641,36871783254,0,0,34512528384,0,0,0,0,0,0,30.05935693
408,udp1024b,decap,0,1,1123452.315,33703641,0,0,33703641,36871783254,0,0,34512528384,0,0,0,0,0,0,30.05176401
409,udp1024b,decap,0,1,1123315.342,33699234,0,0,33699234,36866961996,0,0,34508015616,0,0,0,0,0,0,30.05123901
410,udp1024b,decap,0,1,1123315.342,33699234,0,0,33699234,36866961996,0,0,34508015616,0,0,0,0,0,0,30.04864097
411,udp1024b,decap,0,1,1123383.829,33701437,0,0,33701437,36869372078,0,0,34510271488,0,0,0,0,0,0,30.0561471
412,udp1024b,decap,0,1,1123383.829,33701437,0,0,33701437,36869372078,0,0,34510271488,0,0,0,0,0,0,30.05757213
413,udp1024b,both,0,1,1122082.585,33662917,26715670,33662917,29523361,36827231198,29226942980,34470827008,30231921664,0,0,0,0,4139556,6947247,42.34404993
414,udp1024b,both,0,1,1122082.585,33662917,26981034,33662917,28438182,36827231198,29517251196,34470827008,29120698368,0,0,0,0,5224735,6681883,42.35884809
415,udp1024b,both,0,1,561041.2926,16831184,16831184,16831184,16831184,18413315296,18413315296,17235132416,17235132416,0,0,0,0,0,0,30.01943111
416,udp1024b,both,0,1,841561.939,25246569,20265621,25246569,22032523,27619746486,22170589374,25852486656,22561303552,0,0,0,0,3214046,4980948,31.75022697
417,udp1024b,both,0,1,841561.939,25246569,20066736,25246569,21221106,27619746486,21953009184,25852486656,21730412544,0,0,0,0,4025463,5179833,31.78800797
418,udp1024b,both,0,1,701301.6158,21039151,19635195,21039151,21039151,23016831194,21480903330,21544090624,21544090624,0,0,0,0,0,1403956,30.024055
419,udp1024b,both,0,1,701301.6158,21039151,19510307,21039151,21039151,23016831194,21344275858,21544090624,21544090624,0,0,0,0,0,1528844,30.02601194
420,udp1024b,both,0,1,631171.4542,18935159,18935159,18935159,18935159,20715063946,20715063946,19389602816,19389602816,0,0,0,0,0,0,30.02962995
421,udp1024b,both,0,1,666236.535,19987051,19987051,19987051,19987051,21865833794,21865833794,20466740224,20466740224,0,0,0,0,0,0,30.02501106
422,udp1024b,both,0,1,683769.0754,20512869,19959923,20512869,20512869,22441078686,21836155762,21005177856,21005177856,0,0,0,0,0,552946,30.01808095
423,udp1024b,both,0,1,683769.0754,20512869,19953828,20512869,20512869,22441078686,21829487832,21005177856,21005177856,0,0,0,0,0,559041,30.02690911
424,udp1024b,both,0,1,675002.8052,20250126,20250126,20250126,20250126,22153637844,22153637844,20736129024,20736129024,0,0,0,0,0,0,30.02662396
425,udp1024b,both,0,1,679385.9403,20381457,20381457,20381457,20381457,22297313958,22297313958,20870611968,20870611968,0,0,0,0,0,0,30.01695013
426,udp1024b,both,0,1,681577.5079,20447357,20447357,20447357,20447357,22369408558,22369408558,20938093568,20938093568,0,0,0,0,0,0,30.01690507
427,udp1024b,both,0,1,682673.2916,20480264,19610540,20480264,20480264,22405408816,21453930760,20971790336,20971790336,0,0,0,0,0,869724,30.02938199
428,udp1024b,both,0,1,682673.2916,20480264,19997378,20480264,20480264,22405408816,21877131532,20971790336,20971790336,0,0,0,0,0,482886,30.02735806
429,udp1024b,both,0,1,682125.3997,20463594,19998977,20463594,20463594,22387171836,21878880838,20954720256,20954720256,0,0,0,0,0,464617,30.02876115
430,udp1024b,both,0,1,682125.3997,20463594,20052280,20463594,20463594,22387171836,21937194320,20954720256,20954720256,0,0,0,0,0,411314,30.02595687
431,udp1024b,both,0,1,681851.4538,20455473,20144860,20455473,20455473,22378287462,22038476840,20946404352,20946404352,0,0,0,0,0,310613,30.02388096
432,udp1024b,both,0,1,681851.4538,20455473,19687481,20455473,20455473,22378287462,21538104214,20946404352,20946404352,0,0,0,0,0,767992,30.03336906
433,udp1024b,both,0,1,681714.4808,20451414,20086305,20451414,20451414,22373846916,21974417670,20942247936,20942247936,0,0,0,0,0,365109,30.02740598
434,udp1024b,both,0,1,681714.4808,20451414,20130951,20451414,20451414,22373846916,22023260394,20942247936,20942247936,0,0,0,0,0,320463,30.02493596
435,udp1024b,both,0,1,681645.9943,20449386,20449386,20449386,20449386,22371628284,22371628284,20940171264,20940171264,0,0,0,0,0,0,30.02949095
436,udp1280b,encap,0,1,912408.7591,0,27372462,27372462,0,0,36952823700,35036751360,0,0,0,0,0,0,0,30.01247287
437,udp1280b,encap,0,1,1368613.139,0,38697837,41057602,0,0,52242079950,52553730560,0,0,0,0,0,0,2359765,42.72484612
438,udp1280b,encap,0,1,1368613.139,0,38252620,41057602,0,0,51641037000,52553730560,0,0,0,0,0,0,2804982,42.721591
439,udp1280b,encap,0,1,1140510.949,0,32329485,34214896,0,0,43644804750,43795066880,0,0,0,0,0,0,1885411,35.60159183
440,udp1280b,encap,0,1,1140510.949,0,32074702,34214896,0,0,43300847700,43795066880,0,0,0,0,0,0,2140194,35.600389
441,udp1280b,encap,0,1,1026459.854,0,28645680,30793815,0,0,38671668000,39416083200,0,0,0,0,0,0,2148135,32.04636502
442,udp1280b,encap,0,1,1026459.854,0,29081638,30793815,0,0,39260211300,39416083200,0,0,0,0,0,0,1712177,32.03980684
443,udp1280b,encap,0,1,969434.3066,0,27437860,29083096,0,0,37041111000,37226362880,0,0,0,0,0,0,1645236,30.25925398
444,udp1280b,encap,0,1,969434.3066,0,27356992,29083096,0,0,36931939200,37226362880,0,0,0,0,0,0,1726104,30.26286292
445,udp1280b,encap,0,1,940921.5328,0,26741720,28227734,0,0,36101322000,36131499520,0,0,0,0,0,0,1486014,30.02632594
446,udp1280b,encap,0,1,940921.5328,0,27243689,28227734,0,0,36778980150,36131499520,0,0,0,0,0,0,984045,30.01501203
447,udp1280b,encap,0,1,926665.146,0,27333592,27799891,0,0,36900349200,35583860480,0,0,0,0,0,0,466299,30.01062512
448,udp1280b,encap,0,1,926665.146,0,27316851,27799891,0,0,36877748850,35583860480,0,0,0,0,0,0,483040,30.01891494
449,udp1280b,encap,0,1,919536.9526,0,27374087,27586366,0,0,36955017450,35310548480,0,0,0,0,0,0,212279,30.01539397
450,udp1280b,encap,0,1,919536.9526,0,26976653,27586366,0,0,36418481550,35310548480,0,0,0,0,0,0,609713,30.0231719
451,udp1280b,encap,0,1,915972.8558,0,27352712,27478998,0,0,36926161200,35173117440,0,0,0,0,0,0,126286,30.02403998
452,udp1280b,encap,0,1,915972.8558,0,27374084,27478998,0,0,36955013400,35173117440,0,0,0,0,0,0,104914,30.01127005
453,udp1280b,encap,0,1,914190.8075,0,27374084,27425626,0,0,36955013400,35104801280,0,0,0,0,0,0,51542,30.01676703
454,udp1280b,encap,0,1,914190.8075,0,27374082,27425626,0,0,36955010700,35104801280,0,0,0,0,0,0,51544,30.03011703
455,udp1280b,encap,0,1,913299.7833,0,27374081,27398654,0,0,36955009350,35070277120,0,0,0,0,0,0,24573,30.02243686
456,udp1280b,encap,0,1,913299.7833,0,27279939,27398654,0,0,36827917650,35070277120,0,0,0,0,0,0,118715,30.02126122
457,udp1280b,encap,0,1,912854.2712,0,27374081,27385552,0,0,36955009350,35053506560,0,0,0,0,0,0,11471,30.02983618
458,udp1280b,encap,0,1,912854.2712,0,27374083,27385552,0,0,36955012050,35053506560,0,0,0,0,0,0,11469,30.02127504
459,udp1280b,encap,0,1,912631.5152,0,27373971,27379005,0,0,36954860850,35045126400,0,0,0,0,0,0,5034,30.02827811
460,udp1280b,encap,0,1,912631.5152,0,27373974,27379005,0,0,36954864900,35045126400,0,0,0,0,0,0,5031,30.01667786
461,udp1280b,encap,0,1,912520.1371,0,27373899,27375370,0,0,36954763650,35040473600,0,0,0,0,0,0,1471,30.0118382
462,udp1280b,encap,0,1,912520.1371,0,27373885,27375370,0,0,36954744750,35040473600,0,0,0,0,0,0,1485,30.01241016
463,udp1280b,encap,0,1,912464.4481,0,27373855,27373916,0,0,36954704250,35038612480,0,0,0,0,0,0,61,30.01761007
464,udp1280b,encap,0,1,912464.4481,0,27373878,27373916,0,0,36954735300,35038612480,0,0,0,0,0,0,38,30.02075005
465,udp1280b,decap,0,1,912408.7591,27372462,0,0,27372462,36952823700,0,0,35036751360,0,0,0,0,0,0,30.0184648
466,udp1280b,decap,0,1,1368613.139,41057602,0,0,41057602,55427762700,0,0,52553730560,0,0,0,0,0,0,45.02308297
467,udp1280b,decap,0,1,1368613.139,41057602,0,0,41057602,55427762700,0,0,52553730560,0,0,0,0,0,0,45.020818
468,udp1280b,decap,0,1,1140510.949,34214896,0,0,34214896,46190109600,0,0,43795066880,0,0,0,0,0,0,37.52530694
469,udp1280b,decap,0,1,1140510.949,34214896,0,0,34214896,46190109600,0,0,43795066880,0,0,0,0,0,0,37.51458907
470,udp1280b,decap,0,1,1026459.854,30793815,0,0,30793815,41571650250,0,0,39416083200,0,0,0,0,0,0,33.7703402
471,udp1280b,decap,0,1,1026459.854,30793815,0,0,30793815,41571650250,0,0,39416083200,0,0,0,0,0,0,33.77312517
472,udp1280b,decap,0,1,969434.3066,29083096,0,0,29083096,39262179600,0,0,37226362880,0,0,0,0,0,0,31.8952589
473,udp1280b,decap,0,1,969434.3066,29083096,0,0,29083096,39262179600,0,0,37226362880,0,0,0,0,0,0,31.89625287
474,udp1280b,decap,0,1,940921.5328,28227734,0,0,28227734,38107440900,0,0,36131499520,0,0,0,0,0,0,30.95529294
475,udp1280b,decap,0,1,940921.5328,28227734,0,0,28227734,38107440900,0,0,36131499520,0,0,0,0,0,0,30.95738912
476,udp1280b,decap,0,1,926665.146,27799891,0,0,27799891,37529852850,0,0,35583860480,0,0,0,0,0,0,30.48139691
477,udp1280b,decap,0,1,926665.146,27799891,0,0,27799891,37529852850,0,0,35583860480,0,0,0,0,0,0,30.48808408
478,udp1280b,decap,0,1,919536.9526,27586366,0,0,27586366,37241594100,0,0,35310548480,0,0,0,0,0,0,30.25300097
479,udp1280b,decap,0,1,919536.9526,27586366,0,0,27586366,37241594100,0,0,35310548480,0,0,0,0,0,0,30.25626206
480,udp1280b,decap,0,1,915972.8558,27478998,0,0,27478998,37096647300,0,0,35173117440,0,0,0,0,0,0,30.13378811
481,udp1280b,decap,0,1,915972.8558,27478998,0,0,27478998,37096647300,0,0,35173117440,0,0,0,0,0,0,30.13822293
482,udp1280b,decap,0,1,914190.8075,27425626,0,0,27425626,37024595100,0,0,35104801280,0,0,0,0,0,0,30.08054209
483,udp1280b,decap,0,1,914190.8075,27425626,0,0,27425626,37024595100,0,0,35104801280,0,0,0,0,0,0,30.074615
484,udp1280b,decap,0,1,913299.7833,27398654,0,0,27398654,36988182900,0,0,35070277120,0,0,0,0,0,0,30.05648208
485,udp1280b,decap,0,1,913299.7833,27398654,0,0,27398654,36988182900,0,0,35070277120,0,0,0,0,0,0,30.03938508
486,udp1280b,decap,0,1,913745.2954,27412498,0,0,27412498,37006872300,0,0,35087997440,0,0,0,0,0,0,30.0585289
487,udp1280b,decap,0,1,913745.2954,27412498,0,0,27412498,37006872300,0,0,35087997440,0,0,0,0,0,0,30.06952715
488,udp1280b,decap,0,1,913522.5393,27405939,0,0,27405939,36998017650,0,0,35079601920,0,0,0,0,0,0,30.06659007
489,udp1280b,decap,0,1,913522.5393,27405939,0,0,27405939,36998017650,0,0,35079601920,0,0,0,0,0,0,30.06313896
490,udp1280b,decap,0,1,913411.1613,27402296,0,0,27402296,36993099600,0,0,35074938880,0,0,0,0,0,0,30.05260301
491,udp1280b,decap,0,1,913411.1613,27402296,0,0,27402296,36993099600,0,0,35074938880,0,0,0,0,0,0,30.04687405
492,udp1280b,decap,0,1,913466.8503,27403753,0,0,27403753,36995066550,0,0,35076803840,0,0,0,0,0,0,30.05225611
493,udp1280b,decap,0,1,913466.8503,27403753,0,0,27403753,36995066550,0,0,35076803840,0,0,0,0,0,0,30.03972697
494,udp1280b,both,0,1,912408.7591,27372462,22781821,27372462,25497216,36952823700,30755458350,35036751360,32636436480,0,0,0,0,1875246,4590641,43.14686799
495,udp1280b,both,0,1,912408.7591,27372462,22856430,27372462,25201979,36952823700,30856180500,35036751360,32258533120,0,0,0,0,2170483,4516032,43.31664705
496,udp1280b,both,0,1,456204.3796,13686049,13686049,13686049,13686049,18476166150,18476166150,17518142720,17518142720,0,0,0,0,0,0,30.01865983
497,udp1280b,both,0,1,684306.5693,20529210,16955369,20529210,19246389,27714433500,22889748150,26277388800,24635377920,0,0,0,0,1282821,3573841,32.50404119
498,udp1280b,both,0,1,684306.5693,20529210,16856284,20529210,18172848,27714433500,22755983400,26277388800,23261245440,0,0,0,0,2356362,3672926,31.79453206
499,udp1280b,both,0,1,570255.4745,17107732,16486112,17107732,17107732,23095438200,22256251200,21897896960,21897896960,0,0,0,0,0,621620,30.02618694
500,udp1280b,both,0,1,570255.4745,17107732,16154670,17107732,17107732,23095438200,21808804500,21897896960,21897896960,0,0,0,0,0,953062,30.02351093
501,udp1280b,both,0,1,513229.927,15396908,15396908,15396908,15396908,20785825800,20785825800,19708042240,19708042240,0,0,0,0,0,0,30.02984786
502,udp1280b,both,0,1,541742.7007,16252143,16252143,16252143,16252143,21940393050,21940393050,20802743040,20802743040,0,0,0,0,0,0,30.02804899
503,udp1280b,both,0,1,555999.0876,16680025,16680025,16680025,16680025,22518033750,22518033750,21350432000,21350432000,0,0,0,0,0,0,30.02131104
504,udp1280b,both,0,1,563127.281,16893801,16893801,16893801,16893801,22806631350,22806631350,21624065280,21624065280,0,0,0,0,0,0,30.02582216
505,udp1280b,both,0,1,566691.3777,17000795,16462006,17000795,17000795,22951073250,22223708100,21761017600,21761017600,0,0,0,0,0,538789,30.02414489
506,udp1280b,both,0,1,566691.3777,17000795,16477481,17000795,17000795,22951073250,22244599350,21761017600,21761017600,0,0,0,0,0,523314,30.02152395
507,udp1280b,both,0,1,564909.3294,16947408,16601798,16947408,16947408,22879000800,22412427300,21692682240,21692682240,0,0,0,0,0,345610,30.01760411
508,udp1280b,both,0,1,564909.3294,16947408,16650142,16947408,16947408,22879000800,22477691700,21692682240,21692682240,0,0,0,0,0,297266,30.02887106
509,udp1280b,both,0,1,564018.3052,16920423,16500055,16920423,16920423,22842571050,22275074250,21658141440,21658141440,0,0,0,0,0,420368,30.01493001
510,udp1280b,both,0,1,564018.3052,16920423,16821451,16920423,16920423,22842571050,22708958850,21658141440,21658141440,0,0,0,0,0,98972,30.02385092
511,udp1280b,both,0,1,563572.7931,16907102,16907102,16907102,16907102,22824587700,22824587700,21641090560,21641090560,0,0,0,0,0,0,30.02327394
512,udp1280b,both,0,1,563795.5492,16913760,16817757,16913760,16913760,22833576000,22703971950,21649612800,21649612800,0,0,0,0,0,96003,30.02500892
513,udp1280b,both,0,1,563795.5492,16913760,16823151,16913760,16913760,22833576000,22711253850,21649612800,21649612800,0,0,0,0,0,90609,30.02417707
514,udp1280b,both,0,1,563684.1711,16910430,16910430,16910430,16910430,22829080500,22829080500,21645350400,21645350400,0,0,0,0,0,0,30.02546096
515,udp1280b,both,0,1,563739.8601,16912095,16912095,16912095,16912095,22831328250,22831328250,21647481600,21647481600,0,0,0,0,0,0,30.01495504
516,udp1518b,encap,0,1,777363.1841,0,42929330,23321090,0,0,35674273230,35401414620,0,0,0,0,0,0,-19608240,30.02586985
517,udp1518b,encap,0,1,777363.1841,0,43827890,23321090,0,0,36420976590,35401414620,0,0,0,0,0,0,-20506800,30.02828693
518,udp1518b,encap,0,1,388681.592,0,23320826,11660413,0,0,19379606406,17700506934,0,0,0,0,0,0,-11660413,30.02217507
519,udp1518b,encap,0,1,583022.3881,0,34981240,17490620,0,0,29069410440,26550761160,0,0,0,0,0,0,-17490620,30.02203798
520,udp1518b,encap,0,1,680192.7861,0,40811330,20405665,0,0,33914215230,30975799470,0,0,0,0,0,0,-20405665,30.02082992
521,udp1518b,encap,0,1,728777.9851,0,43726734,21863367,0,0,36336915954,33188591106,0,0,0,0,0,0,-21863367,30.02398205
522,udp1518b,encap,0,1,753070.5846,0,43846302,22592210,0,0,36436276962,34294974780,0,0,0,0,0,0,-21254092,30.01790905
523,udp1518b,encap,0,1,753070.5846,0,43809266,22592210,0,0,36405500046,34294974780,0,0,0,0,0,0,-21217056,30.01638007
524,udp1518b,encap,0,1,740924.2848,0,43974919,22227804,0,0,36543157006,33741806472,0,0,0,0,0,0,-21747115,30.02042508
525,udp1518b,encap,0,1,740924.2848,0,43361939,22227804,0,0,36033771992,33741806472,0,0,0,0,0,0,-21134135,30.02177191
526,udp1518b,encap,0,1,734851.135,0,44068108,22045730,0,0,36620597748,33465418140,0,0,0,0,0,0,-22022378,30.02609491
527,udp1518b,encap,0,1,734851.135,0,44068121,22045730,0,0,36620607868,33465418140,0,0,0,0,0,0,-22022391,30.02249312
528,udp1518b,encap,0,1,731814.56,0,43909274,21954637,0,0,36488606694,33327138966,0,0,0,0,0,0,-21954637,30.02072096
529,udp1518b,encap,0,1,733332.8475,0,44000178,22000089,0,0,36564147918,33396135102,0,0,0,0,0,0,-22000089,30.02404213
530,udp1518b,encap,0,1,734091.9912,0,44045300,22022650,0,0,36601644300,33430382700,0,0,0,0,0,0,-22022650,30.01443195
531,udp1518b,encap,0,1,734471.5631,0,44067788,22033948,0,0,36620331828,33447533064,0,0,0,0,0,0,-22033840,30.01701999
532,udp1518b,encap,0,1,734471.5631,0,44067827,22033948,0,0,36620364920,33447533064,0,0,0,0,0,0,-22033879,30.01338601
533,udp1518b,encap,0,1,734281.7771,0,44056596,22028298,0,0,36611031276,33438956364,0,0,0,0,0,0,-22028298,30.02813983
534,udp1518b,encap,0,1,734376.6701,0,44062246,22031123,0,0,36615726426,33443244714,0,0,0,0,0,0,-22031123,30.02150393
535,udp1518b,encap,0,1,734424.1166,0,44065072,22032536,0,0,36618074832,33445389648,0,0,0,0,0,0,-22032536,30.01227593
536,udp1518b,decap,0,1,777363.1841,23320826,0,0,11660413,19379606406,0,0,17700506934,0,0,0,0,11660413,0,30.0275321
537,udp1518b,decap,0,1,1166044.776,34981240,0,0,17490620,29069410440,0,0,26550761160,0,0,0,0,17490620,0,30.02719688
538,udp1518b,decap,0,1,1360385.572,40811330,0,0,20405665,33914215230,0,0,30975799470,0,0,0,0,20405665,0,30.02525711
539,udp1518b,decap,0,1,1457555.97,43726734,0,0,21863367,36336915954,0,0,33188591106,0,0,0,0,21863367,0,30.03065205
540,udp1518b,decap,0,1,1506141.169,45184420,0,0,22592210,37548253020,0,0,34294974780,0,0,0,0,22592210,0,30.77974606
541,udp1518b,decap,0,1,1506141.169,45184420,0,0,22592210,37548253020,0,0,34294974780,0,0,0,0,22592210,0,30.77488017
542,udp1518b,decap,0,1,1481848.57,44455608,0,0,22227804,36942610248,0,0,33741806472,0,0,0,0,22227804,0,30.28398418
543,udp1518b,decap,0,1,1481848.57,44455608,0,0,22227804,36942610248,0,0,33741806472,0,0,0,0,22227804,0,30.28115201
544,udp1518b,decap,0,1,1469702.27,44091460,0,0,22045730,36640003260,0,0,33465418140,0,0,0,0,22045730,0,30.03895283
545,udp1518b,decap,0,1,1475775.42,44273260,0,0,22136630,36791079060,0,0,33603404340,0,0,0,0,22136630,0,30.15859318
546,udp1518b,decap,0,1,1475775.42,44273260,0,0,22136630,36791079060,0,0,33603404340,0,0,0,0,22136630,0,30.15927792
547,udp1518b,decap,0,1,1472738.845,44182172,0,0,22091086,36715384932,0,0,33534268548,0,0,0,0,22091086,0,30.09975314
548,udp1518b,decap,0,1,1472738.845,44182172,0,0,22091086,36715384932,0,0,33534268548,0,0,0,0,22091086,0,30.09749889
549,udp1518b,decap,0,1,1471220.557,44136770,0,0,22068385,36677655870,0,0,33499808430,0,0,0,0,22068385,0,30.07734394
550,udp1518b,decap,0,1,1471220.557,44136770,0,0,22068385,36677655870,0,0,33499808430,0,0,0,0,22068385,0,30.06412005
551,udp1518b,decap,0,1,1470461.414,44114102,0,0,22057051,36658818762,0,0,33482603418,0,0,0,0,22057051,0,30.04724288
552,udp1518b,decap,0,1,1470840.986,44125432,0,0,22062716,36668233992,0,0,33491202888,0,0,0,0,22062716,0,30.05767512
553,udp1518b,decap,0,1,1470840.986,44125432,0,0,22062716,36668233992,0,0,33491202888,0,0,0,0,22062716,0,30.05949593
554,udp1518b,decap,0,1,1470651.2,44119766,0,0,22059883,36663525546,0,0,33486902394,0,0,0,0,22059883,0,30.05244589
555,udp1518b,decap,0,1,1470651.2,44119766,0,0,22059883,36663525546,0,0,33486902394,0,0,0,0,22059883,0,30.05756903
556,udp1518b,decap,0,1,1470556.307,44116934,0,0,22058467,36661172154,0,0,33484752906,0,0,0,0,22058467,0,30.05451894
557,udp1518b,decap,0,1,1470556.307,44116934,0,0,22058467,36661172154,0,0,33484752906,0,0,0,0,22058467,0,30.05454898
558,udp1518b,decap,0,1,1470508.86,44115046,0,0,22057523,36659603226,0,0,33483319914,0,0,0,0,22057523,0,30.058079
559,udp1518b,decap,0,1,1470508.86,44115046,0,0,22057523,36659603226,0,0,33483319914,0,0,0,0,22057523,0,30.04489207
560,udp1518b,both,0,1,777363.1841,23320826,34447389,23321090,11660413,19379606406,28625779576,35401414620,17700506934,0,0,0,0,11660413,-11126299,32.53548002
561,udp1518b,both,0,1,777363.1841,23320826,35669614,23321090,11660413,19379606406,29641449234,35401414620,17700506934,0,0,0,0,11660413,-12348524,32.75490308
562,udp1518b,both,0,1,388681.592,11660414,23320826,11660413,5830207,9689804034,19379606406,17700506934,8850254226,0,0,0,0,5830207,-11660413,30.02519488
563,udp1518b,both,0,1,583022.3881,17490620,34981240,17490620,8745310,14534705220,29069410440,26550761160,13275380580,0,0,0,0,8745310,-17490620,30.02557898
564,udp1518b,both,0,1,680192.7861,20405666,33351144,20405665,10202833,16957108446,27714800664,30975799470,15487900494,0,0,0,0,10202833,-12945479,30.02517605
565,udp1518b,both,0,1,680192.7861,20405666,32744609,20405665,10202833,16957108446,27210770762,30975799470,15487900494,0,0,0,0,10202833,-12338944,30.02201986
566,udp1518b,both,0,1,631607.5871,18948212,34729101,18948037,9474106,15745964172,28859882248,28763120166,14381692908,0,0,0,0,9474106,-15781064,30.01546717
567,udp1518b,both,0,1,631607.5871,18948212,34729577,18948037,9474106,15745964172,28860279170,28763120166,14381692908,0,0,0,0,9474106,-15781540,30.0310998
568,udp1518b,both,0,1,607314.9876,18219442,34437790,18219280,9109721,15140356302,28617803490,27656867040,13828556478,0,0,0,0,9109721,-16218510,30.02981091
569,udp1518b,both,0,1,607314.9876,18219442,35060024,18219280,9109721,15140356302,29134879944,27656867040,13828556478,0,0,0,0,9109721,-16840744,30.03263402
570,udp1518b,both,0,1,595168.6878,17855090,35710180,17855090,8927545,14837579790,29675159580,27104026620,13552013310,0,0,0,0,8927545,-17855090,30.02760482
571,udp1518b,both,0,1,601241.8377,18037240,34402000,18037240,9018620,14988946440,28588062000,27380530320,13690265160,0,0,0,0,9018620,-16364760,30.03013706
572,udp1518b,both,0,1,601241.8377,18037240,35209647,18037240,9018620,14988946440,29259215974,27380530320,13690265160,0,0,0,0,9018620,-17172407,30.02572799
573,udp1518b,both,0,1,598205.2627,17946172,35892342,17946171,8973086,14913268932,29826536202,27242287578,13621144548,0,0,0,0,8973086,-17946171,30.02480006
574,udp1518b,both,0,1,599723.5502,17991748,35943804,17991590,8995874,14951142588,29869301124,27311233620,13655736732,0,0,0,0,8995874,-17952214,30.02465987
575,udp1518b,both,0,1,599723.5502,17991748,35857214,17991590,8995874,14951142588,29797344834,27311233620,13655736732,0,0,0,0,8995874,-17865624,30.02567911
576,udp1518b,both,0,1,598964.4065,17968852,35938018,17969009,8984426,14932116012,29864492958,27276955662,13638358668,0,0,0,0,8984426,-17969009,30.02865386
577,udp1518b,both,0,1,599343.9784,17980292,35586715,17980292,8990146,14941622652,29572560848,27294083256,13647041628,0,0,0,0,8990146,-17606423,30.02738905
578,udp1518b,both,0,1,599343.9784,17980292,35371213,17980292,8990146,14941622652,29393477320,27294083256,13647041628,0,0,0,0,8990146,-17390921,30.02868795
579,udp1518b,both,0,1,599154.1924,17974650,35949298,17974649,8987325,14936934150,29873866638,27285517182,13642759350,0,0,0,0,8987325,-17974649,30.02250004
580,udp1518b,both,0,1,599249.0854,17977470,35954940,17977470,8988735,14939277570,29878555140,27289799460,13644899730,0,0,0,0,8988735,-17977470,30.02779007
581,udp1518b,both,0,1,599296.5319,17978882,35957448,17978724,8989441,14940450942,29880639288,27291703032,13645971438,0,0,0,0,8989441,-17978724,30.02681708