no,table_name,direction,base,count,pps,dir_0_opackets,dir_0_ipackets,dir_1_opackets,dir_1_ipackets,dir_0_obytes,dir_0_ibytes,dir_1_obytes,dir_1_ibytes,dir_0_oerrors,dir_0_ierrors,dir_1_oerrors,dir_1_ierrors,lost_0,lost_1,elapsed,,,,,,,
1,imix,encap,0,1,2765486.726,0,16491959,82964523,0,0,5598895716,30019323970,0,0,0,0,0,0,66472564,30.02531099,,16491959,89878233,73386274,,,
2,imix,encap,0,1,2765486.726,0,16605918,82964523,0,0,5638256822,30019323970,0,0,0,0,0,0,66358605,30.01950598,,16605918,89878233,73272315,,,
3,imix,encap,0,1,1382743.363,0,16369474,41482287,0,0,5672604994,15009678980,0,0,0,0,0,0,25112813,30.00924993,,16369474,44939144,28569670,,,
4,imix,encap,0,1,1382743.363,0,16316653,41482287,0,0,5650310820,15009678980,0,0,0,0,0,0,25165634,30.02582002,,16316653,44939144,28622491,,,
5,imix,encap,0,1,691371.6814,0,16307812,20741138,0,0,6131027876,7504835034,0,0,0,0,0,0,4433326,30.02204418,,16307812,22469566,6161754,,,
6,imix,encap,0,1,691371.6814,0,16342253,20741138,0,0,6143939682,7504835034,0,0,0,0,0,0,4398885,30.023206,,16342253,22469566,6127313,,,
7,imix,encap,0,1,345685.8407,0,11234767,10370554,0,0,4542302730,3752412188,0,0,0,0,0,0,-864213,30.021173,,11234767,11234767,0,,,
8,imix,encap,0,1,518528.7611,0,16371023,15555845,0,0,6536759828,5628621760,0,0,0,0,0,0,-815178,30.0263021,,16371023,16852165,481142,,,
9,imix,encap,0,1,518528.7611,0,16377749,15555845,0,0,6542555532,5628621760,0,0,0,0,0,0,-821904,30.02383685,,16377749,16852165,474416,,,
10,imix,encap,0,1,432107.3009,0,14043481,12963213,0,0,5677887146,4690522404,0,0,0,0,0,0,-1080268,30.01680303,,14043481,14043481,0,,,
11,imix,encap,0,1,475318.031,0,15447833,14259538,0,0,6245677722,5159576232,0,0,0,0,0,0,-1188295,30.01771903,,15447833,15447833,0,,,
12,imix,encap,0,1,496923.396,0,16150001,14907693,0,0,6529569386,5394100084,0,0,0,0,0,0,-1242308,30.02017498,,16150001,16150001,0,,,
13,imix,encap,0,1,507726.0785,0,16350456,15231776,0,0,6587514580,5511365474,0,0,0,0,0,0,-1118680,30.02624297,,16350456,16501091,150635,,,
14,imix,encap,0,1,507726.0785,0,16158480,15231776,0,0,6478840002,5511365474,0,0,0,0,0,0,-926704,30.02471495,,16158480,16501091,342611,,,
15,imix,encap,0,1,502324.7373,0,16136698,15069726,0,0,6488574926,5452729388,0,0,0,0,0,0,-1066972,30.01553106,,16136698,16325536,188838,,,
16,imix,encap,0,1,502324.7373,0,16250505,15069726,0,0,6557023450,5452729388,0,0,0,0,0,0,-1180779,30.025599,,16250505,16325536,75031,,,
17,imix,encap,0,1,499624.0666,0,16154491,14988719,0,0,6517392668,5423419380,0,0,0,0,0,0,-1165772,30.01807785,,16154491,16237779,83288,,,
18,imix,encap,0,1,499624.0666,0,16164282,14988719,0,0,6523129132,5423419380,0,0,0,0,0,0,-1175563,30.02731395,,16164282,16237779,73497,,,
19,imix,encap,0,1,498273.7313,0,16152304,14948191,0,0,6524103044,5408754206,0,0,0,0,0,0,-1204113,30.02400708,,16152304,16193874,41570,,,
20,imix,encap,0,1,498273.7313,0,16141541,14948191,0,0,6518105956,5408754206,0,0,0,0,0,0,-1193350,30.01496506,,16141541,16193874,52333,,,
21,imix,encap,0,1,497598.5637,0,16111214,14927939,0,0,6504592764,5401426226,0,0,0,0,0,0,-1183275,30.02411699,,16111214,16171934,60720,,,
22,imix,encap,0,1,497598.5637,0,16118562,14927939,0,0,6509237216,5401426226,0,0,0,0,0,0,-1190623,30.02631903,,16118562,16171934,53372,,,
23,imix,encap,0,1,497260.9798,0,16160947,14917797,0,0,6533996528,5397757638,0,0,0,0,0,0,-1243150,30.02926302,,16160947,16160947,0,,,
24,imix,encap,0,1,497429.7718,0,16162251,14922867,0,0,6534084298,5399592330,0,0,0,0,0,0,-1239384,30.01491094,,16162251,16166439,4188,,,
25,imix,encap,0,1,497429.7718,0,16157111,14922867,0,0,6531070182,5399592330,0,0,0,0,0,0,-1234244,30.02055502,,16157111,16166439,9328,,,
26,imix,decap,0,1,2765486.726,82964636,0,0,19222297,33543211496,0,0,4536952926,0,0,0,0,63742339,0,30.01503611,,,,,19222297,76582741,57360444
27,imix,decap,0,1,2765486.726,82964636,6,0,19328300,33543211496,7788,0,4558409530,0,0,0,0,63636336,-6,30.02549505,,,,,19328300,76582741,57254441
28,imix,decap,0,1,1382743.363,41482275,0,0,19205990,16771608760,0,0,4787814300,0,0,0,0,22276285,0,30.020473,,,,,19205990,38291331,19085341
29,imix,decap,0,1,1382743.363,41482275,6,0,19145943,16771608760,7788,0,4783500390,0,0,0,0,22336332,-6,30.02322197,,,,,19145943,38291331,19145388
30,imix,decap,0,1,691371.6814,20741132,6,0,17565108,8385800296,7788,0,4555895902,0,0,0,0,3176024,-6,30.0212841,,,,,17565108,19145660,1580552
31,imix,decap,0,1,691371.6814,20741132,0,0,17550188,8385800296,0,0,4505612672,0,0,0,0,3190944,0,30.02557278,,,,,17550188,19145660,1595472
32,imix,decap,0,1,345685.8407,10370552,6,0,9394864,4192894228,7788,0,3193631994,0,0,0,0,975688,-6,30.0237062,,,,,9394864,9572817,177953
33,imix,decap,0,1,345685.8407,10370552,0,0,9572817,4192894228,0,0,3463764648,0,0,0,0,797735,0,30.02388501,,,,,9572817,9572817,0
34,imix,decap,0,1,518528.7611,15555838,0,0,14359235,6289345764,0,0,5195650692,0,0,0,0,1196603,0,30.01798105,,,,,14359235,14359235,0
35,imix,decap,0,1,604950.2212,18148499,0,0,16752460,7337578852,0,0,6061599766,0,0,0,0,1396039,0,30.02722692,,,,,16752460,16752461,1
36,imix,decap,0,1,648160.9513,19444801,0,0,17935926,7861682890,0,0,6488142490,0,0,0,0,1508875,0,30.02183795,,,,,17935926,17949047,13121
37,imix,decap,0,1,648160.9513,19444801,0,0,17949047,7861682890,0,0,6494563804,0,0,0,0,1495754,0,30.02413607,,,,,17949047,17949047,0
38,imix,decap,0,1,669766.3164,20092979,0,0,17065395,8123746252,0,0,4481622190,0,0,0,0,3027584,0,30.02471304,,,,,17065395,18547365,1481970
39,imix,decap,0,1,669766.3164,20092979,6,0,17033769,8123746252,7788,0,4433444370,0,0,0,0,3059210,-6,30.01673007,,,,,17033769,18547365,1513596
40,imix,decap,0,1,658963.6339,19768892,1,0,16727524,7992714044,1298,0,4294410556,0,0,0,0,3041368,-1,30.02460504,,,,,16727524,18248208,1520684
41,imix,decap,0,1,658963.6339,19768892,6,0,16865128,7992714044,7788,0,4525313220,0,0,0,0,2903764,-6,30.0290432,,,,,16865128,18248208,1383080
42,imix,decap,0,1,653562.2926,19606862,12,0,16842300,7927204588,15576,0,4641564212,0,0,0,0,2764562,-12,30.02920508,,,,,16842300,18098642,1256342
43,imix,decap,0,1,653562.2926,19606862,1,0,16783487,7927204588,1298,0,4568703984,0,0,0,0,2823375,-1,30.02033091,,,,,16783487,18098642,1315155
44,imix,decap,0,1,650861.622,19525826,12,0,17103311,7894444062,15576,0,5124383462,0,0,0,0,2422515,-12,30.02042389,,,,,17103311,18023839,920528
45,imix,decap,0,1,650861.622,19525826,0,0,17620318,7894444062,0,0,5930070938,0,0,0,0,1905508,0,30.02696681,,,,,17620318,18023839,403521
46,imix,decap,0,1,649511.2866,19485330,0,0,16701991,7878070428,0,0,4558434852,0,0,0,0,2783339,0,30.01830697,,,,,16701991,17986458,1284467
47,imix,decap,0,1,649511.2866,19485330,13,0,17986458,7878070428,16874,0,6508101840,0,0,0,0,1498872,-13,30.01863003,,,,,17986458,17986458,0
48,imix,decap,0,1,650186.4543,19505581,1,0,17101051,7886258344,1298,0,5164396264,0,0,0,0,2404530,-1,30.02489305,,,,,17101051,18005152,904101
49,imix,decap,0,1,650186.4543,19505581,0,0,16504721,7886258344,0,0,4237213214,0,0,0,0,3000860,0,30.02889609,,,,,16504721,18005152,1500431
50,imix,decap,0,1,649848.8705,19495444,0,0,17985839,7882158006,0,0,6506735942,0,0,0,0,1509605,0,30.01538491,,,,,17985839,17995794,9955
51,imix,decap,0,1,649848.8705,19495444,0,0,17413126,7882158006,0,0,5636978798,0,0,0,0,2082318,0,30.02515912,,,,,17413126,17995794,582668
52,imix,decap,0,1,649680.0786,19490408,32,0,17783501,7880121870,41536,0,6195732212,0,0,0,0,1706907,-32,30.02656198,,,,,17783501,17991146,207645
53,imix,decap,0,1,649680.0786,19490408,6,0,17989188,7880121870,7788,0,6508915386,0,0,0,0,1501220,-6,30.01708698,,,,,17989188,17991146,1958
54,imix,both,0,1,2765486.726,82964636,17723103,82964523,21403097,33543211496,6211681052,30019323970,5288370746,0,0,0,0,61561539,65241420,41.12163615,,17723103,89878233,72155130,21403097,76582741,55179644
55,imix,both,0,1,2765486.726,82964636,17730070,82964523,21418118,33543211496,6194299514,30019323970,5294635914,0,0,0,0,61546518,65234453,40.5175581,,17730070,89878233,72148163,21418118,76582741,55164623
56,imix,both,0,1,1382743.363,41482275,12779146,41482287,15640836,16771608760,4480892518,15009678980,3925641852,0,0,0,0,25841439,28703141,30.02460098,,12779146,44939144,32159998,15640836,38291331,22650495
57,imix,both,0,1,1382743.363,41482275,13033519,41482287,15910102,16771608760,4567486750,15009678980,3988124004,0,0,0,0,25572173,28448768,30.02844214,,13033519,44939144,31905625,15910102,38291331,22381229
58,imix,both,0,1,691371.6814,20741132,13096301,20741138,15854320,8385800296,4838797628,7504835034,4046597770,0,0,0,0,4886812,7644837,30.02762604,,13096301,22469566,9373265,15854320,19145660,3291340
59,imix,both,0,1,691371.6814,20741132,12890425,20741138,15599606,8385800296,4754289670,7504835034,3967626572,0,0,0,0,5141526,7850713,30.02470303,,12890425,22469566,9579141,15599606,19145660,3546054
60,imix,both,0,1,345685.8407,10370552,11234768,10370554,9572817,4192894228,4542304028,3752412188,3463764648,0,0,0,0,797735,-864214,30.01615,,11234768,11234767,-1,9572817,9572817,0
61,imix,both,0,1,518528.7611,15555838,13216111,15555845,14359235,6289345764,5060027448,5628621760,5195650692,0,0,0,0,1196603,2339734,30.03238511,,13216111,16852165,3636054,14359235,14359235,0
62,imix,both,0,1,518528.7611,15555838,13175948,15555845,14359235,6289345764,5040112156,5628621760,5195650692,0,0,0,0,1196603,2379897,30.03189707,,13175948,16852165,3676217,14359235,14359235,0
63,imix,both,0,1,432107.3009,12963209,13341068,12963213,11966039,5241125916,5325014318,4690522404,4329712606,0,0,0,0,997170,-377855,30.01968694,,13341068,14043481,702413,11966039,11966039,0
64,imix,both,0,1,432107.3009,12963209,13662420,12963213,11966039,5241125916,5483230588,4690522404,4329712606,0,0,0,0,997170,-699207,30.02625299,,13662420,14043481,381061,11966039,11966039,0
65,imix,both,0,1,388896.5708,11666884,12639118,11666878,10769431,4717011238,5110093172,4221465952,3896739546,0,0,0,0,897453,-972240,30.02954412,,12639118,12639118,0,10769431,10769431,0
66,imix,both,0,1,410501.9358,12315030,13337396,12315028,11367720,4979061360,5391990430,4455988954,4113220020,0,0,0,0,947310,-1022368,30.02670884,,13337396,13341280,3884,11367720,11367720,0
67,imix,both,0,1,410501.9358,12315030,13341223,12315028,11367720,4979061360,5393956232,4455988954,4113220020,0,0,0,0,947310,-1026195,30.01651502,,13341223,13341280,57,11367720,11367720,0
68,imix,both,0,1,399699.2533,11990971,12990221,11990973,11068588,4848042386,5252046026,4338733564,4004984884,0,0,0,0,922383,-999248,30.02673984,,12990221,12990221,0,11068588,11068589,1
69,imix,both,0,1,405100.5946,12153002,13165751,12153001,11218155,4913553036,5323014134,4397360564,4059103508,0,0,0,0,934847,-1012750,30.02148604,,13165751,13165751,0,11218155,11218156,1
70,imix,both,0,1,407801.2652,12234030,13253534,12234031,11292950,4946313550,5358506568,4426681176,4086167130,0,0,0,0,941080,-1019503,30.02393293,,13253534,13253534,0,11292950,11292951,1
71,imix,both,0,1,409151.6005,12274532,13275725,12274533,11330337,4962687458,5365410392,4441335554,4099693438,0,0,0,0,944195,-1001192,30.02979302,,13275725,13297411,21686,11330337,11330337,0
72,imix,both,0,1,409151.6005,12274532,13297411,12274533,11330337,4962687458,5376245836,4441335554,4099693438,0,0,0,0,944195,-1022878,30.02561593,,13297411,13297411,0,11330337,11330337,0
73,imix,both,0,1,409826.7682,12294782,13319343,12294777,11349029,4970874710,5385114766,4448662492,4106456958,0,0,0,0,945753,-1024566,30.03237295,,13319343,13319342,-1,11349029,11349030,1
74,imix,both,0,1,410164.352,12304919,13327667,12304918,11358386,4974973988,5388213042,4452329562,4109843526,0,0,0,0,946533,-1022749,30.01342607,,13327667,13330328,2661,11358386,11358387,1
75,imix,both,0,1,410164.352,12304919,13327031,12304918,11358386,4974973988,5387899052,4452329562,4109843526,0,0,0,0,946533,-1022113,30.02040815,,13327031,13330328,3297,11358386,11358387,1
76,imix,both,0,1,409995.5601,12299858,13324836,12299848,11353715,4972926944,5387335326,4450496854,4108152312,0,0,0,0,946143,-1024988,30.01929402,,13324836,13324835,-1,11353715,11353715,0
77,udp64b,encap,0,1,8116883.117,0,16442466,243513384,0,0,2203290444,15584856576,0,0,0,0,0,0,227070918,30.02339697,,,,,,,
78,udp64b,encap,0,1,8116883.117,0,16381636,243513384,0,0,2195139224,15584856576,0,0,0,0,0,0,227131748,30.02219105,,,,,,,
79,udp64b,encap,0,1,4058441.558,0,16403316,121753097,0,0,2198044344,7792198208,0,0,0,0,0,0,105349781,30.02914,,,,,,,
80,udp64b,encap,0,1,4058441.558,0,16410612,121753097,0,0,2199022008,7792198208,0,0,0,0,0,0,105342485,30.02600503,,,,,,,
81,udp64b,encap,0,1,2029220.779,0,16431908,60876549,0,0,2201875672,3896099136,0,0,0,0,0,0,44444641,30.02347922,,,,,,,
82,udp64b,encap,0,1,2029220.779,0,16223140,60876549,0,0,2173900760,3896099136,0,0,0,0,0,0,44653409,30.01702905,,,,,,,
83,udp64b,encap,0,1,1014610.39,0,16433828,30438275,0,0,2202132952,1948049600,0,0,0,0,0,0,14004447,30.02913499,,,,,,,
84,udp64b,encap,0,1,1014610.39,0,16437652,30438275,0,0,2202645368,1948049600,0,0,0,0,0,0,14000623,30.02540922,,,,,,,
85,udp64b,encap,0,1,507305.1948,0,15219138,15219138,0,0,2039364492,974024832,0,0,0,0,0,0,0,30.024755,,,,,,,
86,udp64b,encap,0,1,760957.7922,0,16229766,22828748,0,0,2174788644,1461039872,0,0,0,0,0,0,6598982,30.01874781,,,,,,,
87,udp64b,encap,0,1,760957.7922,0,16444996,22828748,0,0,2203629464,1461039872,0,0,0,0,0,0,6383752,30.02242303,,,,,,,
88,udp64b,encap,0,1,634131.4935,0,16454244,19023922,0,0,2204868696,1217531008,0,0,0,0,0,0,2569678,30.01615191,,,,,,,
89,udp64b,encap,0,1,634131.4935,0,16362702,19023922,0,0,2192602068,1217531008,0,0,0,0,0,0,2661220,30.02146316,,,,,,,
90,udp64b,encap,0,1,570718.3442,0,16100741,17121514,0,0,2157499294,1095776896,0,0,0,0,0,0,1020773,30.02336693,,,,,,,
91,udp64b,encap,0,1,570718.3442,0,16441268,17121514,0,0,2203129912,1095776896,0,0,0,0,0,0,680246,30.026968,,,,,,,
92,udp64b,encap,0,1,539011.7695,0,16170304,16170304,0,0,2166820736,1034899456,0,0,0,0,0,0,0,30.01599407,,,,,,,
93,udp64b,encap,0,1,554865.0568,0,16290888,16645951,0,0,2182978992,1065340864,0,0,0,0,0,0,355063,30.01858807,,,,,,,
94,udp64b,encap,0,1,554865.0568,0,16203092,16645951,0,0,2171214328,1065340864,0,0,0,0,0,0,442859,30.02782512,,,,,,,
95,udp64b,encap,0,1,546938.4131,0,16396390,16408140,0,0,2197116260,1050120960,0,0,0,0,0,0,11750,30.02515388,,,,,,,
96,udp64b,encap,0,1,546938.4131,0,16177159,16408140,0,0,2167739306,1050120960,0,0,0,0,0,0,230981,30.01395321,,,,,,,
97,udp64b,encap,0,1,542975.0913,0,16211490,16289255,0,0,2172339660,1042512320,0,0,0,0,0,0,77765,30.02730894,,,,,,,
98,udp64b,encap,0,1,542975.0913,0,16110967,16289255,0,0,2158869578,1042512320,0,0,0,0,0,0,178288,30.0200572,,,,,,,
99,udp64b,encap,0,1,540993.4304,0,16112061,16229817,0,0,2159016174,1038708288,0,0,0,0,0,0,117756,30.02518702,,,,,,,
100,udp64b,encap,0,1,540993.4304,0,16176391,16229817,0,0,2167636394,1038708288,0,0,0,0,0,0,53426,30.02099586,,,,,,,
101,udp64b,encap,0,1,540002.5999,0,16153091,16200037,0,0,2164514194,1036802368,0,0,0,0,0,0,46946,30.01579189,,,,,,,
102,udp64b,encap,0,1,540002.5999,0,16189408,16200037,0,0,2169380672,1036802368,0,0,0,0,0,0,10629,30.02774715,,,,,,,
103,udp64b,encap,0,1,539507.1847,0,16147575,16185220,0,0,2163775050,1035854080,0,0,0,0,0,0,37645,30.02309799,,,,,,,
104,udp64b,encap,0,1,539507.1847,0,16128228,16185220,0,0,2161182552,1035854080,0,0,0,0,0,0,56992,30.02251816,,,,,,,
105,udp64b,decap,0,1,8116883.117,243513384,0,0,19971695,32630793456,0,0,1278188480,0,0,0,0,223541689,0,30.02323318,,,,,,,
106,udp64b,decap,0,1,8116883.117,243513384,0,0,20015439,32630793456,0,0,1280988096,0,0,0,0,223497945,0,30.02962399,,,,,,,
107,udp64b,decap,0,1,4058441.558,121753097,0,0,19977988,16314914998,0,0,1278591232,0,0,0,0,101775109,0,30.02775097,,,,,,,
108,udp64b,decap,0,1,4058441.558,121753097,0,0,20057348,16314914998,0,0,1283670272,0,0,0,0,101695749,0,30.01346588,,,,,,,
109,udp64b,decap,0,1,2029220.779,60876549,0,0,19929154,8157457566,0,0,1275465856,0,0,0,0,40947395,0,30.02305603,,,,,,,
110,udp64b,decap,0,1,2029220.779,60876549,0,0,19759156,8157457566,0,0,1264585984,0,0,0,0,41117393,0,30.03203917,,,,,,,
111,udp64b,decap,0,1,1014610.39,30438275,0,0,20135302,4078728850,0,0,1288659328,0,0,0,0,10302973,0,30.02647495,,,,,,,
112,udp64b,decap,0,1,1014610.39,30438275,0,0,20103172,4078728850,0,0,1286603008,0,0,0,0,10335103,0,30.02487493,,,,,,,
113,udp64b,decap,0,1,507305.1948,15219138,0,0,15219138,2039364492,0,0,974024832,0,0,0,0,0,0,30.02691913,,,,,,,
114,udp64b,decap,0,1,760957.7922,22828748,0,0,19980310,3059052232,0,0,1278739840,0,0,0,0,2848438,0,30.02409482,,,,,,,
115,udp64b,decap,0,1,760957.7922,22828748,0,0,20038109,3059052232,0,0,1282438976,0,0,0,0,2790639,0,30.02445698,,,,,,,
116,udp64b,decap,0,1,634131.4935,19023922,0,0,19023922,2549205548,0,0,1217531008,0,0,0,0,0,0,30.01953888,,,,,,,
117,udp64b,decap,0,1,697544.6429,20926285,0,0,19930567,2804122190,0,0,1275556288,0,0,0,0,995718,0,30.01074886,,,,,,,
118,udp64b,decap,0,1,697544.6429,20926285,0,0,20159925,2804122190,0,0,1290235200,0,0,0,0,766360,0,30.02063799,,,,,,,
119,udp64b,decap,0,1,665838.0682,19975141,0,0,19975141,2676668894,0,0,1278409024,0,0,0,0,0,0,30.01698112,,,,,,,
120,udp64b,decap,0,1,681691.3555,20450704,0,0,19879720,2740394336,0,0,1272302080,0,0,0,0,570984,0,30.02309084,,,,,,,
121,udp64b,decap,0,1,681691.3555,20450704,0,0,20155947,2740394336,0,0,1289980608,0,0,0,0,294757,0,30.02431107,,,,,,,
122,udp64b,decap,0,1,673764.7119,20212899,0,0,20173232,2708528466,0,0,1291086848,0,0,0,0,39667,0,30.01703501,,,,,,,
123,udp64b,decap,0,1,673764.7119,20212899,0,0,20212899,2708528466,0,0,1293625536,0,0,0,0,0,0,30.02730894,,,,,,,
124,udp64b,decap,0,1,677728.0337,20331808,0,0,20058717,2724462272,0,0,1283757888,0,0,0,0,273091,0,30.01831508,,,,,,,
125,udp64b,decap,0,1,677728.0337,20331808,0,0,20133839,2724462272,0,0,1288565696,0,0,0,0,197969,0,30.01608896,,,,,,,
126,udp64b,decap,0,1,675746.3728,20272429,0,0,20203005,2716505486,0,0,1292992320,0,0,0,0,69424,0,30.0211339,,,,,,,
127,udp64b,decap,0,1,675746.3728,20272429,0,0,20172217,2716505486,0,0,1291021888,0,0,0,0,100212,0,30.02382684,,,,,,,
128,udp64b,decap,0,1,674755.5423,20242670,0,0,19844949,2712517780,0,0,1270076736,0,0,0,0,397721,0,30.02806711,,,,,,,
129,udp64b,decap,0,1,674755.5423,20242670,0,0,19772187,2712517780,0,0,1265419968,0,0,0,0,470483,0,30.01399684,,,,,,,
130,udp64b,decap,0,1,674260.1271,20227774,0,0,20169208,2710521716,0,0,1290829312,0,0,0,0,58566,0,30.0213201,,,,,,,
131,udp64b,decap,0,1,674260.1271,20227774,0,0,19915076,2710521716,0,0,1274564864,0,0,0,0,312698,0,30.01788092,,,,,,,
132,udp64b,both,0,1,8116883.117,243513384,17025973,243513384,22726468,32630793456,2281480382,15584856576,1454493952,0,0,0,0,220786916,226487411,40.00629711,,,,,,,
133,udp64b,both,0,1,8116883.117,243513384,17491940,243513384,22901588,32630793456,2343919960,15584856576,1465701632,0,0,0,0,220611796,226021444,40.00087404,,,,,,,
134,udp64b,both,0,1,4058441.558,121753097,12619028,121753097,16867780,16314914998,1690949752,7792198208,1079537920,0,0,0,0,104885317,109134069,30.02561092,,,,,,,
135,udp64b,both,0,1,4058441.558,121753097,12639700,121753097,16811332,16314914998,1693719800,7792198208,1075925248,0,0,0,0,104941765,109113397,30.022259,,,,,,,
136,udp64b,both,0,1,2029220.779,60876549,12639892,60876549,16914564,8157457566,1693745528,3896099136,1082532096,0,0,0,0,43961985,48236657,30.01750278,,,,,,,
137,udp64b,both,0,1,2029220.779,60876549,12874164,60876549,16882884,8157457566,1725137976,3896099136,1080504576,0,0,0,0,43993665,48002385,30.03230906,,,,,,,
138,udp64b,both,0,1,1014610.39,30438275,13009332,30438275,17039556,4078728850,1743250488,1948049600,1090531584,0,0,0,0,13398719,17428943,30.02771497,,,,,,,
139,udp64b,both,0,1,1014610.39,30438275,12987556,30438275,16955947,4078728850,1740332504,1948049600,1085180608,0,0,0,0,13482328,17450719,30.01967096,,,,,,,
140,udp64b,both,0,1,507305.1948,15219138,13575643,15219138,15219138,2039364492,1819136162,974024832,974024832,0,0,0,0,0,1643495,30.01584816,,,,,,,
141,udp64b,both,0,1,507305.1948,15219138,13385275,15219138,15219138,2039364492,1793626850,974024832,974024832,0,0,0,0,0,1833863,30.02934408,,,,,,,
142,udp64b,both,0,1,253652.5974,7609555,7609555,7609555,7609555,1019680370,1019680370,487011520,487011520,0,0,0,0,0,0,30.02112794,,,,,,,
143,udp64b,both,0,1,380478.8961,11414343,11414343,11414343,11414343,1529521962,1529521962,730517952,730517952,0,0,0,0,0,0,30.02586508,,,,,,,
144,udp64b,both,0,1,443892.0455,13316739,13316739,13316739,13316739,1784443026,1784443026,852271296,852271296,0,0,0,0,0,0,30.02162004,,,,,,,
145,udp64b,both,0,1,475598.6201,14267958,13764408,14267958,14267958,1911906372,1844430672,913149312,913149312,0,0,0,0,0,503550,30.03151107,,,,,,,
146,udp64b,both,0,1,475598.6201,14267958,13765840,14267958,14267958,1911906372,1844622560,913149312,913149312,0,0,0,0,0,502118,30.02413487,,,,,,,
147,udp64b,both,0,1,459745.3328,13792353,13700637,13792353,13792353,1848175302,1835885358,882710592,882710592,0,0,0,0,0,91716,30.03304005,,,,,,,
148,udp64b,both,0,1,459745.3328,13792353,13652539,13792353,13792353,1848175302,1829440226,882710592,882710592,0,0,0,0,0,139814,30.01841092,,,,,,,
149,udp64b,both,0,1,451818.6891,13554539,13554539,13554539,13554539,1816308226,1816308226,867490496,867490496,0,0,0,0,0,0,30.02604699,,,,,,,
150,udp64b,both,0,1,455782.011,13673477,13656712,13673477,13673477,1832245918,1829999408,875102528,875102528,0,0,0,0,0,16765,30.02864003,,,,,,,
151,udp64b,both,0,1,455782.011,13673477,13573185,13673477,13673477,1832245918,1818806790,875102528,875102528,0,0,0,0,0,100292,30.02434707,,,,,,,
152,udp64b,both,0,1,453800.35,13614018,13611924,13614018,13614018,1824278412,1823997816,871297152,871297152,0,0,0,0,0,2094,30.02227283,,,,,,,
153,udp64b,both,0,1,453800.35,13614018,13614018,13614018,13614018,1824278412,1824278412,871297152,871297152,0,0,0,0,0,0,30.02730203,,,,,,,
154,udp64b,both,0,1,454791.1805,13643751,13643751,13643751,13643751,1828262634,1828262634,873200064,873200064,0,0,0,0,0,0,30.03229809,,,,,,,
155,udp64b,both,0,1,455286.5957,13658575,13624418,13658575,13658575,1830249050,1825672012,874148800,874148800,0,0,0,0,0,34157,30.03098702,,,,,,,
156,udp64b,both,0,1,455286.5957,13658575,13657408,13658575,13658575,1830249050,1830092672,874148800,874148800,0,0,0,0,0,1167,30.03088999,,,,,,,
157,udp128b,encap,0,1,5733944.954,0,16373195,172020886,0,0,3241892610,22018673408,0,0,0,0,0,0,155647691,30.02537203,,,,,,,
158,udp128b,encap,0,1,5733944.954,0,16303734,172020886,0,0,3228139332,22018673408,0,0,0,0,0,0,155717152,30.01849389,,,,,,,
159,udp128b,encap,0,1,2866972.477,0,16071522,86008649,0,0,3182161356,11009107072,0,0,0,0,0,0,69937127,30.02072501,,,,,,,
160,udp128b,encap,0,1,2866972.477,0,16249460,86008649,0,0,3217393080,11009107072,0,0,0,0,0,0,69759189,30.02215099,,,,,,,
161,udp128b,encap,0,1,1433486.239,0,16393396,43004773,0,0,3245892408,5504610944,0,0,0,0,0,0,26611377,30.030797,,,,,,,
162,udp128b,encap,0,1,1433486.239,0,16065300,43004773,0,0,3180929400,5504610944,0,0,0,0,0,0,26939473,30.02497602,,,,,,,
163,udp128b,encap,0,1,716743.1193,0,16076705,21502275,0,0,3183187590,2752291200,0,0,0,0,0,0,5425570,30.02996707,,,,,,,
164,udp128b,encap,0,1,716743.1193,0,16292522,21502275,0,0,3225919356,2752291200,0,0,0,0,0,0,5209753,30.01768708,,,,,,,
165,udp128b,encap,0,1,358371.5596,0,10751138,10751138,0,0,2128725324,1376145664,0,0,0,0,0,0,0,30.031106,,,,,,,
166,udp128b,encap,0,1,537557.3395,0,16098547,16126727,0,0,3187512306,2064221056,0,0,0,0,0,0,28180,30.01935506,,,,,,,
167,udp128b,encap,0,1,537557.3395,0,16066714,16126727,0,0,3181209372,2064221056,0,0,0,0,0,0,60013,30.02006888,,,,,,,
168,udp128b,encap,0,1,447964.4495,0,13438922,13438922,0,0,2660906556,1720182016,0,0,0,0,0,0,0,30.020684,,,,,,,
169,udp128b,encap,0,1,492760.8945,0,14782780,14782780,0,0,2926990440,1892195840,0,0,0,0,0,0,0,30.01996803,,,,,,,
170,udp128b,encap,0,1,515159.117,0,15454793,15454793,0,0,3060049014,1978213504,0,0,0,0,0,0,0,30.02425814,,,,,,,
171,udp128b,encap,0,1,526358.2282,0,15774773,15790745,0,0,3123405054,2021215360,0,0,0,0,0,0,15972,30.02575207,,,,,,,
172,udp128b,encap,0,1,526358.2282,0,15790745,15790745,0,0,3126567510,2021215360,0,0,0,0,0,0,0,30.02326107,,,,,,,
173,udp128b,encap,0,1,531957.7838,0,15958697,15958697,0,0,3159822006,2042713216,0,0,0,0,0,0,0,30.02217388,,,,,,,
174,udp128b,encap,0,1,534757.5616,0,16042709,16042709,0,0,3176456382,2053466752,0,0,0,0,0,0,0,30.017555,,,,,,,
175,udp128b,encap,0,1,536157.4505,0,16084703,16084703,0,0,3184771194,2058841984,0,0,0,0,0,0,0,30.00802493,,,,,,,
176,udp128b,encap,0,1,536857.395,0,16105687,16105687,0,0,3188926026,2061527936,0,0,0,0,0,0,0,30.019346,,,,,,,
177,udp128b,encap,0,1,537207.3672,0,16108339,16116200,0,0,3189451122,2062873600,0,0,0,0,0,0,7861,30.02810502,,,,,,,
178,udp128b,encap,0,1,537207.3672,0,16031442,16116200,0,0,3174225516,2062873600,0,0,0,0,0,0,84758,30.017097,,,,,,,
179,udp128b,decap,0,1,5733944.954,172020886,0,0,20387063,34060135428,0,0,2609544064,0,0,0,0,151633823,0,30.02425504,,,,,,,
180,udp128b,decap,0,1,5733944.954,172020886,0,0,20375460,34060135428,0,0,2608058880,0,0,0,0,151645426,0,30.02628303,,,,,,,
181,udp128b,decap,0,1,2866972.477,86008649,0,0,20351894,17029712502,0,0,2605042432,0,0,0,0,65656755,0,30.02978277,,,,,,,
182,udp128b,decap,0,1,2866972.477,86008649,0,0,20357874,17029712502,0,0,2605807872,0,0,0,0,65650775,0,30.0292809,,,,,,,
183,udp128b,decap,0,1,1433486.239,43004773,0,0,20370781,8514945054,0,0,2607459968,0,0,0,0,22633992,0,30.02680898,,,,,,,
184,udp128b,decap,0,1,1433486.239,43004773,0,0,20461478,8514945054,0,0,2619069184,0,0,0,0,22543295,0,30.02123284,,,,,,,
185,udp128b,decap,0,1,716743.1193,21502275,0,0,20598086,4257450450,0,0,2636555008,0,0,0,0,904189,0,30.02773094,,,,,,,
186,udp128b,decap,0,1,716743.1193,21502275,0,0,20507044,4257450450,0,0,2624901632,0,0,0,0,995231,0,30.02081895,,,,,,,
187,udp128b,decap,0,1,358371.5596,10751138,0,0,10751138,2128725324,0,0,1376145664,0,0,0,0,0,0,30.03101802,,,,,,,
188,udp128b,decap,0,1,537557.3395,16126727,0,0,16126727,3193091946,0,0,2064221056,0,0,0,0,0,0,30.02463388,,,,,,,
189,udp128b,decap,0,1,627150.2294,18814540,0,0,18814540,3725278920,0,0,2408261120,0,0,0,0,0,0,30.0268259,,,,,,,
190,udp128b,decap,0,1,671946.6743,20158350,0,0,20156989,3991353300,0,0,2580094592,0,0,0,0,1361,0,30.0174849,,,,,,,
191,udp128b,decap,0,1,671946.6743,20158350,0,0,20158350,3991353300,0,0,2580268800,0,0,0,0,0,0,30.02798104,,,,,,,
192,udp128b,decap,0,1,694344.8968,20830291,0,0,20418801,4124397618,0,0,2613606528,0,0,0,0,411490,0,30.02678299,,,,,,,
193,udp128b,decap,0,1,694344.8968,20830291,0,0,20377172,4124397618,0,0,2608278016,0,0,0,0,453119,0,30.01939487,,,,,,,
194,udp128b,decap,0,1,683145.7856,20494312,0,0,20459780,4057873776,0,0,2618851840,0,0,0,0,34532,0,30.02549386,,,,,,,
195,udp128b,decap,0,1,683145.7856,20494312,0,0,20384201,4057873776,0,0,2609177728,0,0,0,0,110111,0,30.01595593,,,,,,,
196,udp128b,decap,0,1,677546.2299,20326396,0,0,20326396,4024626408,0,0,2601778688,0,0,0,0,0,0,30.02346683,,,,,,,
197,udp128b,decap,0,1,680346.0077,20410413,0,0,20334530,4041261774,0,0,2602819840,0,0,0,0,75883,0,30.024611,,,,,,,
198,udp128b,decap,0,1,680346.0077,20410413,0,0,20353781,4041261774,0,0,2605283968,0,0,0,0,56632,0,30.02627611,,,,,,,
199,udp128b,decap,0,1,678946.1188,20368368,0,0,20366090,4032936864,0,0,2606859520,0,0,0,0,2278,0,30.02249289,,,,,,,
200,udp128b,decap,0,1,678946.1188,20368368,0,0,20366912,4032936864,0,0,2606964736,0,0,0,0,1456,0,30.02287889,,,,,,,
201,udp128b,decap,0,1,678246.1744,20347360,0,0,20347360,4028777280,0,0,2604462080,0,0,0,0,0,0,30.027349,,,,,,,
202,udp128b,decap,0,1,678596.1466,20357909,0,0,20357909,4030865982,0,0,2605812352,0,0,0,0,0,0,30.03010798,,,,,,,
203,udp128b,both,0,1,5733944.954,172020886,16868980,172020886,22533295,34060135428,3340058040,22018673408,2884261760,0,0,0,0,149487591,155151906,39.47907805,,,,,,,
204,udp128b,both,0,1,5733944.954,172020886,16923876,172020886,22556536,34060135428,3350927448,22018673408,2887236608,0,0,0,0,149464350,155097010,39.47738481,,,,,,,
205,udp128b,both,0,1,2866972.477,86008649,12790041,86008649,17329028,17029712502,2532428118,11009107072,2218115584,0,0,0,0,68679621,73218608,30.02740002,,,,,,,
206,udp128b,both,0,1,2866972.477,86008649,12700303,86008649,17400500,17029712502,2514659994,11009107072,2227264000,0,0,0,0,68608149,73308346,30.02201104,,,,,,,
207,udp128b,both,0,1,1433486.239,43004773,12710884,43004773,17073588,8514945054,2516755032,5504610944,2185419264,0,0,0,0,25931185,30293889,30.02598,,,,,,,
208,udp128b,both,0,1,1433486.239,43004773,13000724,43004773,17369949,8514945054,2574143352,5504610944,2223353472,0,0,0,0,25634824,30004049,30.02770686,,,,,,,
209,udp128b,both,0,1,716743.1193,21502275,12839172,21502275,17175547,4257450450,2542156056,2752291200,2198470016,0,0,0,0,4326728,8663103,30.02874017,,,,,,,
210,udp128b,both,0,1,716743.1193,21502275,12764417,21502275,17381681,4257450450,2527354566,2752291200,2224855168,0,0,0,0,4120594,8737858,30.02368498,,,,,,,
211,udp128b,both,0,1,358371.5596,10751138,10751138,10751138,10751138,2128725324,2128725324,1376145664,1376145664,0,0,0,0,0,0,30.03139901,,,,,,,
212,udp128b,both,0,1,537557.3395,16126727,12853586,16126727,16126727,3193091946,2545010028,2064221056,2064221056,0,0,0,0,0,3273141,30.02761102,,,,,,,
213,udp128b,both,0,1,537557.3395,16126727,12995812,16126727,16126727,3193091946,2573170776,2064221056,2064221056,0,0,0,0,0,3130915,30.02247405,,,,,,,
214,udp128b,both,0,1,447964.4495,13438922,13437535,13438922,13438922,2660906556,2660631930,1720182016,1720182016,0,0,0,0,0,1387,30.01947689,,,,,,,
215,udp128b,both,0,1,447964.4495,13438922,13436401,13438922,13438922,2660906556,2660407398,1720182016,1720182016,0,0,0,0,0,2521,30.02696204,,,,,,,
216,udp128b,both,0,1,403168.0046,12095057,12095057,12095057,12095057,2394821286,2394821286,1548167296,1548167296,0,0,0,0,0,0,30.02512407,,,,,,,
217,udp128b,both,0,1,425566.2271,12766968,12766968,12766968,12766968,2527859664,2527859664,1634171904,1634171904,0,0,0,0,0,0,30.02413201,,,,,,,
218,udp128b,both,0,1,436765.3383,13102944,13102944,13102944,13102944,2594382912,2594382912,1677176832,1677176832,0,0,0,0,0,0,30.01651812,,,,,,,
219,udp128b,both,0,1,442364.8939,13270920,13270920,13270920,13270920,2627642160,2627642160,1698677760,1698677760,0,0,0,0,0,0,30.02160907,,,,,,,
220,udp128b,both,0,1,445164.6717,13354912,13354494,13354912,13354912,2644272576,2644189812,1709428736,1709428736,0,0,0,0,0,418,30.01960707,,,,,,,
221,udp128b,both,0,1,445164.6717,13354912,13354912,13354912,13354912,2644272576,2644272576,1709428736,1709428736,0,0,0,0,0,0,30.02804589,,,,,,,
222,udp128b,both,0,1,446564.5606,13396916,13396916,13396916,13396916,2652589368,2652589368,1714805248,1714805248,0,0,0,0,0,0,30.01487994,,,,,,,
223,udp128b,both,0,1,447264.5051,13417930,13417930,13417930,13417930,2656750140,2656750140,1717495040,1717495040,0,0,0,0,0,0,30.01341796,,,,,,,
224,udp128b,both,0,1,447614.4773,13428418,13428418,13428418,13428418,2658826764,2658826764,1718837504,1718837504,0,0,0,0,0,0,30.03242803,,,,,,,
225,udp256b,encap,0,1,3612716.763,0,16113886,108381795,0,0,5253126836,27745739520,0,0,0,0,0,0,92267909,30.02718019,,,,,,,
226,udp256b,encap,0,1,3612716.763,0,16352372,108381795,0,0,5330873272,27745739520,0,0,0,0,0,0,92029423,30.02021503,,,,,,,
227,udp256b,encap,0,1,1806358.382,0,16378324,54190898,0,0,5339333624,13872869888,0,0,0,0,0,0,37812574,30.01522493,,,,,,,
228,udp256b,encap,0,1,1806358.382,0,16189512,54190898,0,0,5277780912,13872869888,0,0,0,0,0,0,38001386,30.01323795,,,,,,,
229,udp256b,encap,0,1,903179.1908,0,16283808,27095449,0,0,5308521408,6936434944,0,0,0,0,0,0,10811641,30.0232079,,,,,,,
230,udp256b,encap,0,1,903179.1908,0,16309108,27095449,0,0,5316769208,6936434944,0,0,0,0,0,0,10786341,30.02105308,,,,,,,
231,udp256b,encap,0,1,451589.5954,0,13547680,13547680,0,0,4416543680,3468206080,0,0,0,0,0,0,0,30.02467108,,,,,,,
232,udp256b,encap,0,1,677384.3931,0,16357912,20321487,0,0,5332679312,5202300672,0,0,0,0,0,0,3963575,30.01530194,,,,,,,
233,udp256b,encap,0,1,677384.3931,0,16316564,20321487,0,0,5319199864,5202300672,0,0,0,0,0,0,4004923,30.01911497,,,,,,,
234,udp256b,encap,0,1,564486.9942,0,16287252,16934600,0,0,5309644152,4335257600,0,0,0,0,0,0,647348,30.02260613,,,,,,,
235,udp256b,encap,0,1,564486.9942,0,16310520,16934600,0,0,5317229520,4335257600,0,0,0,0,0,0,624080,30.02319217,,,,,,,
236,udp256b,encap,0,1,508038.2948,0,15241134,15241134,0,0,4968609684,3901730304,0,0,0,0,0,0,0,30.02745199,,,,,,,
237,udp256b,encap,0,1,536262.6445,0,16083055,16087841,0,0,5243075930,4118487296,0,0,0,0,0,0,4786,30.02534413,,,,,,,
238,udp256b,encap,0,1,536262.6445,0,16069684,16087841,0,0,5238716984,4118487296,0,0,0,0,0,0,18157,30.01787686,,,,,,,
239,udp256b,encap,0,1,522150.4697,0,15664523,15664523,0,0,5106634498,4010117888,0,0,0,0,0,0,0,30.02117109,,,,,,,
240,udp256b,encap,0,1,529206.5571,0,15876171,15876171,0,0,5175631746,4064299776,0,0,0,0,0,0,0,30.03173399,,,,,,,
241,udp256b,encap,0,1,532734.6008,0,15980382,15982018,0,0,5209604532,4091396608,0,0,0,0,0,0,1636,30.0180521,,,,,,,
242,udp256b,encap,0,1,532734.6008,0,15982018,15982018,0,0,5210137868,4091396608,0,0,0,0,0,0,0,30.03167009,,,,,,,
243,udp256b,encap,0,1,534498.6227,0,16034910,16034910,0,0,5227380660,4104936960,0,0,0,0,0,0,0,30.01929498,,,,,,,
244,udp256b,encap,0,1,535380.6336,0,16061394,16061394,0,0,5236014444,4111716864,0,0,0,0,0,0,0,30.02593517,,,,,,,
245,udp256b,encap,0,1,535821.639,0,16074607,16074607,0,0,5240321882,4115099392,0,0,0,0,0,0,0,30.02853298,,,,,,,
246,udp256b,encap,0,1,536042.1418,0,16070914,16081252,0,0,5239117964,4116800512,0,0,0,0,0,0,10338,30.01801491,,,,,,,
247,udp256b,encap,0,1,536042.1418,0,16080491,16081252,0,0,5242240066,4116800512,0,0,0,0,0,0,761,30.02751708,,,,,,,
248,udp256b,decap,0,1,3612716.763,108381795,0,0,20437598,35332465170,0,0,5232025088,0,0,0,0,87944197,0,30.01418996,,,,,,,
249,udp256b,decap,0,1,3612716.763,108381795,0,0,20309479,35332465170,0,0,5199226624,0,0,0,0,88072316,0,30.02439189,,,,,,,
250,udp256b,decap,0,1,1806358.382,54190898,0,0,20465316,17666232748,0,0,5239120896,0,0,0,0,33725582,0,30.02286696,,,,,,,
251,udp256b,decap,0,1,1806358.382,54190898,0,0,20391268,17666232748,0,0,5220164608,0,0,0,0,33799630,0,30.024472,,,,,,,
252,udp256b,decap,0,1,903179.1908,27095449,0,0,20422628,8833116374,0,0,5228192768,0,0,0,0,6672821,0,30.02634788,,,,,,,
253,udp256b,decap,0,1,903179.1908,27095449,0,0,20381987,8833116374,0,0,5217788672,0,0,0,0,6713462,0,30.01975894,,,,,,,
254,udp256b,decap,0,1,451589.5954,13547680,0,0,13547680,4416543680,0,0,3468206080,0,0,0,0,0,0,30.02497196,,,,,,,
255,udp256b,decap,0,1,677384.3931,20321487,0,0,20317625,6624804762,0,0,5201312000,0,0,0,0,3862,0,30.01757002,,,,,,,
256,udp256b,decap,0,1,677384.3931,20321487,0,0,20320995,6624804762,0,0,5202174720,0,0,0,0,492,0,30.022753,,,,,,,
257,udp256b,decap,0,1,564486.9942,16934600,0,0,16934600,5520679600,0,0,4335257600,0,0,0,0,0,0,30.02797318,,,,,,,
258,udp256b,decap,0,1,620935.6936,18628045,0,0,18628045,6072742670,0,0,4768779520,0,0,0,0,0,0,30.0271821,,,,,,,
259,udp256b,decap,0,1,649160.0434,19474814,0,0,19474814,6348789364,0,0,4985552384,0,0,0,0,0,0,30.0196321,,,,,,,
260,udp256b,decap,0,1,663272.2182,19898118,0,0,19898118,6486786468,0,0,5093918208,0,0,0,0,0,0,30.02750206,,,,,,,
261,udp256b,decap,0,1,670328.3056,20109879,0,0,20108317,6555820554,0,0,5147729152,0,0,0,0,1562,0,30.02576804,,,,,,,
262,udp256b,decap,0,1,670328.3056,20109879,0,0,20109879,6555820554,0,0,5148129024,0,0,0,0,0,0,30.02451491,,,,,,,
263,udp256b,decap,0,1,673856.3494,20215674,0,0,20214065,6590309724,0,0,5174800640,0,0,0,0,1609,0,30.02693701,,,,,,,
264,udp256b,decap,0,1,673856.3494,20215674,0,0,20215674,6590309724,0,0,5175212544,0,0,0,0,0,0,30.02107,,,,,,,
265,udp256b,decap,0,1,675620.3712,20268642,0,0,20268642,6607577292,0,0,5188772352,0,0,0,0,0,0,30.02024913,,,,,,,
266,udp256b,decap,0,1,676502.3821,20295080,0,0,20294223,6616196080,0,0,5195321088,0,0,0,0,857,0,30.01732206,,,,,,,
267,udp256b,decap,0,1,676502.3821,20295080,0,0,20294945,6616196080,0,0,5195505920,0,0,0,0,135,0,30.02589297,,,,,,,
268,udp256b,decap,0,1,676061.3767,20281802,0,0,20281802,6611867452,0,0,5192141312,0,0,0,0,0,0,30.02562308,,,,,,,
269,udp256b,decap,0,1,676281.8794,20288389,0,0,20288270,6614014814,0,0,5193797120,0,0,0,0,119,0,30.02466583,,,,,,,
270,udp256b,decap,0,1,676281.8794,20288389,0,0,20288389,6614014814,0,0,5193827584,0,0,0,0,0,0,30.02317905,,,,,,,
271,udp256b,both,0,1,3612716.763,108381795,17053209,108381795,22930470,35332465170,5559346134,27745739520,5870200320,0,0,0,0,85451325,91328586,40.13199496,,,,,,,
272,udp256b,both,0,1,3612716.763,108381795,16875140,108381795,22891940,35332465170,5501295640,27745739520,5860336640,0,0,0,0,85489855,91506655,40.12090182,,,,,,,
273,udp256b,both,0,1,1806358.382,54190898,12771668,54190898,17374627,17666232748,4163563768,13872869888,4447904512,0,0,0,0,36816271,41419230,30.01514697,,,,,,,
274,udp256b,both,0,1,1806358.382,54190898,12904116,54190898,17176229,17666232748,4206741816,13872869888,4397114624,0,0,0,0,37014669,41286782,30.02689886,,,,,,,
275,udp256b,both,0,1,903179.1908,27095449,12853556,27095449,17375492,8833116374,4190259256,6936434944,4448125952,0,0,0,0,9719957,14241893,30.02355003,,,,,,,
276,udp256b,both,0,1,903179.1908,27095449,12871044,27095449,17125348,8833116374,4195960344,6936434944,4384089088,0,0,0,0,9970101,14224405,30.03006411,,,,,,,
277,udp256b,both,0,1,451589.5954,13547680,13541131,13547680,13547680,4416543680,4414408706,3468206080,3468206080,0,0,0,0,0,6549,30.01941895,,,,,,,
278,udp256b,both,0,1,451589.5954,13547680,13543154,13547680,13547680,4416543680,4415068204,3468206080,3468206080,0,0,0,0,0,4526,30.02784491,,,,,,,
279,udp256b,both,0,1,225794.7977,6773818,6773818,6773818,6773818,2208264668,2208264668,1734097408,1734097408,0,0,0,0,0,0,30.01205802,,,,,,,
280,udp256b,both,0,1,338692.1965,10160769,10160769,10160769,10160769,3312410694,3312410694,2601156864,2601156864,0,0,0,0,0,0,30.01570892,,,,,,,
281,udp256b,both,0,1,395140.896,11854215,11854215,11854215,11854215,3864474090,3864474090,3034679040,3034679040,0,0,0,0,0,0,30.02690005,,,,,,,
282,udp256b,both,0,1,423365.2457,12700937,12700937,12700937,12700937,4140505462,4140505462,3251439872,3251439872,0,0,0,0,0,0,30.02559185,,,,,,,
283,udp256b,both,0,1,437477.4205,13124298,13124298,13124298,13124298,4278521148,4278521148,3359820288,3359820288,0,0,0,0,0,0,30.0279901,,,,,,,
284,udp256b,both,0,1,444533.5079,13335992,13335992,13335992,13335992,4347533392,4347533392,3414013952,3414013952,0,0,0,0,0,0,30.03428793,,,,,,,
285,udp256b,both,0,1,448061.5517,13441814,13438538,13441814,13441814,4382031364,4380963388,3441104384,3441104384,0,0,0,0,0,3276,30.02499104,,,,,,,
286,udp256b,both,0,1,448061.5517,13441814,13441814,13441814,13441814,4382031364,4382031364,3441104384,3441104384,0,0,0,0,0,0,30.02231789,,,,,,,
287,udp256b,both,0,1,449825.5735,13494738,13492374,13494738,13494738,4399284588,4398513924,3454652928,3454652928,0,0,0,0,0,2364,30.027318,,,,,,,
288,udp256b,both,0,1,449825.5735,13494738,13488874,13494738,13494738,4399284588,4397372924,3454652928,3454652928,0,0,0,0,0,5864,30.02731514,,,,,,,
289,udp256b,both,0,1,448943.5626,13468290,13468159,13468290,13468290,4390662540,4390619834,3447882240,3447882240,0,0,0,0,0,131,30.01718497,,,,,,,
290,udp256b,both,0,1,448943.5626,13468290,13466291,13468290,13468290,4390662540,4390010866,3447882240,3447882240,0,0,0,0,0,1999,30.02617002,,,,,,,
291,udp256b,both,0,1,448502.5571,13455061,13454837,13455061,13455061,4386349886,4386276862,3444495616,3444495616,0,0,0,0,0,224,30.03214502,,,,,,,
292,udp256b,both,0,1,448502.5571,13455061,13455061,13455061,13455061,4386349886,4386349886,3444495616,3444495616,0,0,0,0,0,0,30.0231781,,,,,,,
293,udp256b,both,0,1,448723.0599,13461694,13458713,13461694,13461694,4388512244,4387540438,3446193664,3446193664,0,0,0,0,0,2981,30.02751398,,,,,,,
294,udp256b,both,0,1,448723.0599,13461694,13456630,13461694,13461694,4388512244,4386861380,3446193664,3446193664,0,0,0,0,0,5064,30.03285909,,,,,,,
295,udp512b,encap,0,1,2076411.96,0,16438218,62291983,0,0,9567042876,31893495296,0,0,0,0,0,0,45853765,30.02451301,,,,,,,
296,udp512b,encap,0,1,2076411.96,0,16396324,62291983,0,0,9542660568,31893495296,0,0,0,0,0,0,45895659,30.0241909,,,,,,,
297,udp512b,encap,0,1,1038205.98,0,16138420,31146227,0,0,9392560440,15946868224,0,0,0,0,0,0,15007807,30.01698804,,,,,,,
298,udp512b,encap,0,1,1038205.98,0,16352852,31146227,0,0,9517359864,15946868224,0,0,0,0,0,0,14793375,30.02404904,,,,,,,
299,udp512b,encap,0,1,519102.99,0,15573055,15573055,0,0,9063518010,7973404160,0,0,0,0,0,0,0,30.02425504,,,,,,,
300,udp512b,encap,0,1,778654.4851,0,16359199,23359670,0,0,9521053818,11960151040,0,0,0,0,0,0,7000471,30.02976704,,,,,,,
301,udp512b,encap,0,1,778654.4851,0,16128238,23359670,0,0,9386634516,11960151040,0,0,0,0,0,0,7231432,30.02459693,,,,,,,
302,udp512b,encap,0,1,648878.7375,0,16037972,19466355,0,0,9334099704,9966773760,0,0,0,0,0,0,3428383,30.022367,,,,,,,
303,udp512b,encap,0,1,648878.7375,0,16332969,19466355,0,0,9505787958,9966773760,0,0,0,0,0,0,3133386,30.01845098,,,,,,,
304,udp512b,encap,0,1,583990.8638,0,16291503,17519678,0,0,9481654746,8970075136,0,0,0,0,0,0,1228175,30.02977395,,,,,,,
305,udp512b,encap,0,1,583990.8638,0,16086668,17519678,0,0,9362440776,8970075136,0,0,0,0,0,0,1433010,30.02287412,,,,,,,
306,udp512b,encap,0,1,551546.9269,0,16058268,16546351,0,0,9345911976,8471731712,0,0,0,0,0,0,488083,30.01769185,,,,,,,
307,udp512b,encap,0,1,551546.9269,0,16211946,16546351,0,0,9435352572,8471731712,0,0,0,0,0,0,334405,30.011307,,,,,,,
308,udp512b,encap,0,1,535324.9585,0,16059705,16059705,0,0,9346748310,8222568960,0,0,0,0,0,0,0,30.02680397,,,,,,,
309,udp512b,encap,0,1,543435.9427,0,16287944,16303038,0,0,9479583408,8347155456,0,0,0,0,0,0,15094,30.02745295,,,,,,,
310,udp512b,encap,0,1,543435.9427,0,16224085,16303038,0,0,9442417470,8347155456,0,0,0,0,0,0,78953,30.01613903,,,,,,,
311,udp512b,encap,0,1,539380.4506,0,16010852,16181409,0,0,9318315864,8284881408,0,0,0,0,0,0,170557,30.00853705,,,,,,,
312,udp512b,encap,0,1,539380.4506,0,16027039,16181409,0,0,9327736698,8284881408,0,0,0,0,0,0,154370,30.025249,,,,,,,
313,udp512b,encap,0,1,537352.7045,0,16120246,16120548,0,0,9381983172,8253720576,0,0,0,0,0,0,302,30.0250001,,,,,,,
314,udp512b,encap,0,1,537352.7045,0,16048675,16120548,0,0,9340328850,8253720576,0,0,0,0,0,0,71873,30.00843096,,,,,,,
315,udp512b,encap,0,1,536338.8315,0,15995400,16090163,0,0,9309322800,8238163456,0,0,0,0,0,0,94763,30.01488018,,,,,,,
316,udp512b,encap,0,1,536338.8315,0,16059567,16090163,0,0,9346667994,8238163456,0,0,0,0,0,0,30596,30.02693892,,,,,,,
317,udp512b,encap,0,1,535831.895,0,16052271,16074920,0,0,9342421722,8230359040,0,0,0,0,0,0,22649,30.02501702,,,,,,,
318,udp512b,encap,0,1,535831.895,0,16050934,16074920,0,0,9341643588,8230359040,0,0,0,0,0,0,23986,30.02439094,,,,,,,
319,udp512b,encap,0,1,535578.4267,0,16067340,16067340,0,0,9351191880,8226478080,0,0,0,0,0,0,0,30.01681018,,,,,,,
320,udp512b,encap,0,1,535705.1609,0,16071161,16071161,0,0,9353415702,8228434432,0,0,0,0,0,0,0,30.01827884,,,,,,,
321,udp512b,decap,0,1,2076411.96,62291983,0,0,20461695,36253934106,0,0,10476387840,0,0,0,0,41830288,0,30.01763606,,,,,,,
322,udp512b,decap,0,1,2076411.96,62291983,0,0,20415684,36253934106,0,0,10452830208,0,0,0,0,41876299,0,30.02417302,,,,,,,
323,udp512b,decap,0,1,1038205.98,31146227,0,0,20439837,18127104114,0,0,10465196544,0,0,0,0,10706390,0,30.0174129,,,,,,,
324,udp512b,decap,0,1,1038205.98,31146227,0,0,20462377,18127104114,0,0,10476737024,0,0,0,0,10683850,0,30.01708198,,,,,,,
325,udp512b,decap,0,1,519102.99,15573055,0,0,15573055,9063518010,0,0,7973404160,0,0,0,0,0,0,30.01627612,,,,,,,
326,udp512b,decap,0,1,778654.4851,23359670,0,0,20548453,13595327940,0,0,10520807936,0,0,0,0,2811217,0,30.02245402,,,,,,,
327,udp512b,decap,0,1,778654.4851,23359670,0,0,20512506,13595327940,0,0,10502403072,0,0,0,0,2847164,0,30.02425885,,,,,,,
328,udp512b,decap,0,1,648878.7375,19466355,0,0,19465930,11329418610,0,0,9966556160,0,0,0,0,425,0,30.02533197,,,,,,,
329,udp512b,decap,0,1,648878.7375,19466355,0,0,19466355,11329418610,0,0,9966773760,0,0,0,0,0,0,30.01291299,,,,,,,
330,udp512b,decap,0,1,713766.6113,21412940,0,0,20458665,12462331080,0,0,10474836480,0,0,0,0,954275,0,30.01777101,,,,,,,
331,udp512b,decap,0,1,713766.6113,21412940,0,0,20467428,12462331080,0,0,10479323136,0,0,0,0,945512,0,30.02666402,,,,,,,
332,udp512b,decap,0,1,681322.6744,20439654,0,0,20430987,11895878628,0,0,10460665344,0,0,0,0,8667,0,30.01808596,,,,,,,
333,udp512b,decap,0,1,681322.6744,20439654,0,0,20435014,11895878628,0,0,10462727168,0,0,0,0,4640,0,30.02229095,,,,,,,
334,udp512b,decap,0,1,665100.706,19953005,0,0,19950189,11612648910,0,0,10214496768,0,0,0,0,2816,0,30.02575207,,,,,,,
335,udp512b,decap,0,1,665100.706,19953005,0,0,19952435,11612648910,0,0,10215646720,0,0,0,0,570,0,30.02337694,,,,,,,
336,udp512b,decap,0,1,656989.7218,19709691,0,0,19709203,11471040162,0,0,10091111936,0,0,0,0,488,0,30.02586198,,,,,,,
337,udp512b,decap,0,1,656989.7218,19709691,0,0,19708958,11471040162,0,0,10090986496,0,0,0,0,733,0,30.02082109,,,,,,,
338,udp512b,decap,0,1,652934.2297,19588058,0,0,19588058,11400249756,0,0,10029085696,0,0,0,0,0,0,30.02353096,,,,,,,
339,udp512b,decap,0,1,654961.9757,19648827,0,0,19648827,11435617314,0,0,10060199424,0,0,0,0,0,0,30.02735209,,,,,,,
340,udp512b,decap,0,1,655975.8487,19679211,0,0,19678537,11453300802,0,0,10075410944,0,0,0,0,674,0,30.01079488,,,,,,,
341,udp512b,decap,0,1,655975.8487,19679211,0,0,19678944,11453300802,0,0,10075619328,0,0,0,0,267,0,30.02471495,,,,,,,
342,udp512b,decap,0,1,655468.9122,19664007,0,0,19664007,11444452074,0,0,10067971584,0,0,0,0,0,0,30.02439785,,,,,,,
343,udp512b,decap,0,1,655722.3805,19671700,0,0,19671653,11448929400,0,0,10071886336,0,0,0,0,47,0,30.02795196,,,,,,,
344,udp512b,decap,0,1,655722.3805,19671700,0,0,19671700,11448929400,0,0,10071910400,0,0,0,0,0,0,30.02975917,,,,,,,
345,udp512b,decap,0,1,655849.1146,19675455,0,0,19675455,11451114810,0,0,10073832960,0,0,0,0,0,0,30.02538896,,,,,,,
346,udp512b,both,0,1,2076411.96,62291983,17855475,62291983,23656067,36253934106,10391886450,31893495296,12111906304,0,0,0,0,38635916,44436508,41.65922999,,,,,,,
347,udp512b,both,0,1,2076411.96,62291983,17889076,62291983,23714372,36253934106,10411442232,31893495296,12141758464,0,0,0,0,38577611,44402907,41.6618619,,,,,,,
348,udp512b,both,0,1,1038205.98,31146227,12653524,31146227,17185220,18127104114,7364350968,15946868224,8798832640,0,0,0,0,13961007,18492703,30.03482413,,,,,,,
349,udp512b,both,0,1,1038205.98,31146227,12659652,31146227,17079916,18127104114,7367917464,15946868224,8744916992,0,0,0,0,14066311,18486575,30.02492189,,,,,,,
350,udp512b,both,0,1,519102.99,15573055,12977492,15573055,15573055,9063518010,7552900344,7973404160,7973404160,0,0,0,0,0,2595563,30.02687716,,,,,,,
351,udp512b,both,0,1,519102.99,15573055,13291506,15573055,15573055,9063518010,7735656492,7973404160,7973404160,0,0,0,0,0,2281549,30.0222311,,,,,,,
352,udp512b,both,0,1,259551.495,7786528,7786528,7786528,7786528,4531759296,4531759296,3986702336,3986702336,0,0,0,0,0,0,30.02274203,,,,,,,
353,udp512b,both,0,1,389327.2425,11679802,11679802,11679802,11679802,6797644764,6797644764,5980058624,5980058624,0,0,0,0,0,0,30.03484702,,,,,,,
354,udp512b,both,0,1,454215.1163,13626436,13528118,13626436,13626436,7930585752,7873364676,6976735232,6976735232,0,0,0,0,0,98318,30.02779198,,,,,,,
355,udp512b,both,0,1,454215.1163,13626436,13462830,13626436,13626436,7930585752,7835367060,6976735232,6976735232,0,0,0,0,0,163606,30.01795602,,,,,,,
356,udp512b,both,0,1,421771.1794,12653113,12653113,12653113,12653113,7364111766,7364111766,6478393856,6478393856,0,0,0,0,0,0,30.02500391,,,,,,,
357,udp512b,both,0,1,437993.1478,13139773,13139773,13139773,13139773,7647347886,7647347886,6727563776,6727563776,0,0,0,0,0,0,30.02199388,,,,,,,
358,udp512b,both,0,1,446104.1321,13383131,13378120,13383131,13383131,7788982242,7786065840,6852163072,6852163072,0,0,0,0,0,5011,30.027493,,,,,,,
359,udp512b,both,0,1,446104.1321,13383131,13383131,13383131,13383131,7788982242,7788982242,6852163072,6852163072,0,0,0,0,0,0,30.02436495,,,,,,,
360,udp512b,both,0,1,450159.6242,13504771,13489828,13504771,13504771,7859776722,7851079896,6914442752,6914442752,0,0,0,0,0,14943,30.02695298,,,,,,,
361,udp512b,both,0,1,450159.6242,13504771,13496860,13504771,13504771,7859776722,7855172520,6914442752,6914442752,0,0,0,0,0,7911,30.02624989,,,,,,,
362,udp512b,both,0,1,448131.8781,13443917,13433325,13443917,13443917,7824359694,7818195150,6883285504,6883285504,0,0,0,0,0,10592,30.02464199,,,,,,,
363,udp512b,both,0,1,448131.8781,13443917,13420426,13443917,13443917,7824359694,7810687932,6883285504,6883285504,0,0,0,0,0,23491,30.0192399,,,,,,,
364,udp512b,both,0,1,447118.0051,13413521,13409691,13413521,13413521,7806669222,7804440162,6867722752,6867722752,0,0,0,0,0,3830,30.03379607,,,,,,,
365,udp512b,both,0,1,447118.0051,13413521,13406057,13413521,13413521,7806669222,7802325174,6867722752,6867722752,0,0,0,0,0,7464,30.018363,,,,,,,
366,udp512b,both,0,1,446611.0686,13398309,13392680,13398309,13398309,7797815838,7794539760,6859934208,6859934208,0,0,0,0,0,5629,30.03052092,,,,,,,
367,udp512b,both,0,1,446611.0686,13398309,13397683,13398309,13398309,7797815838,7797451506,6859934208,6859934208,0,0,0,0,0,626,30.01893806,,,,,,,
368,udp512b,both,0,1,446357.6003,13390694,13390671,13390694,13390694,7793383908,7793370522,6856035328,6856035328,0,0,0,0,0,23,30.023175,,,,,,,
369,udp512b,both,0,1,446357.6003,13390694,13389348,13390694,13390694,7793383908,7792600536,6856035328,6856035328,0,0,0,0,0,1346,30.02622199,,,,,,,
370,udp512b,both,0,1,446230.8662,13386912,13375066,13386912,13386912,7791182784,7784288412,6854098944,6854098944,0,0,0,0,0,11846,30.01715398,,,,,,,
371,udp512b,both,0,1,446230.8662,13386912,13385058,13386912,13386912,7791182784,7790103756,6854098944,6854098944,0,0,0,0,0,1854,30.02844095,,,,,,,
372,udp1024b,encap,0,1,1122082.585,0,16123076,33662367,0,0,17638645144,34470263808,0,0,0,0,0,0,17539291,30.02761006,,,,,,,
373,udp1024b,encap,0,1,1122082.585,0,16340049,33662367,0,0,17876013606,34470263808,0,0,0,0,0,0,17322318,30.02127218,,,,,,,
374,udp1024b,encap,0,1,561041.2926,0,16032548,16831252,0,0,17539607512,17235202048,0,0,0,0,0,0,798704,30.02547193,,,,,,,
375,udp1024b,encap,0,1,561041.2926,0,16355879,16831252,0,0,17893331626,17235202048,0,0,0,0,0,0,475373,30.0253439,,,,,,,
376,udp1024b,encap,0,1,280520.6463,0,8415592,8415592,0,0,9206657648,8617566208,0,0,0,0,0,0,0,30.02243114,,,,,,,
377,udp1024b,encap,0,1,420780.9695,0,12623401,12623401,0,0,13810000694,12926362624,0,0,0,0,0,0,0,30.02365303,,,,,,,
378,udp1024b,encap,0,1,490911.1311,0,14727338,14727338,0,0,16111707772,15080794112,0,0,0,0,0,0,0,30.02530885,,,,,,,
379,udp1024b,encap,0,1,525976.2118,0,15779263,15779263,0,0,17262513722,16157965312,0,0,0,0,0,0,0,30.02015686,,,,,,,
380,udp1024b,encap,0,1,543508.7522,0,16203047,16305230,0,0,17726133418,16696555520,0,0,0,0,0,0,102183,30.02351093,,,,,,,
381,udp1024b,encap,0,1,543508.7522,0,16190932,16305230,0,0,17712879608,16696555520,0,0,0,0,0,0,114298,30.02236104,,,,,,,
382,udp1024b,encap,0,1,534742.482,0,16042272,16042272,0,0,17550245568,16427286528,0,0,0,0,0,0,0,30.02250695,,,,,,,
383,udp1024b,encap,0,1,539125.6171,0,16173729,16173729,0,0,17694059526,16561898496,0,0,0,0,0,0,0,30.01378393,,,,,,,
384,udp1024b,encap,0,1,541317.1847,0,16194486,16239533,0,0,17716767684,16629281792,0,0,0,0,0,0,45047,30.01823783,,,,,,,
385,udp1024b,encap,0,1,541317.1847,0,16201766,16239533,0,0,17724732004,16629281792,0,0,0,0,0,0,37767,30.01752806,,,,,,,
386,udp1024b,encap,0,1,540221.4009,0,16206292,16206660,0,0,17729683448,16595619840,0,0,0,0,0,0,368,30.02100897,,,,,,,
387,udp1024b,encap,0,1,540221.4009,0,16128135,16206660,0,0,17644179690,16595619840,0,0,0,0,0,0,78525,30.02125096,,,,,,,
388,udp1024b,encap,0,1,539673.509,0,16189700,16190178,0,0,17711531800,16578742272,0,0,0,0,0,0,478,30.02185416,,,,,,,
389,udp1024b,encap,0,1,539673.509,0,16190178,16190178,0,0,17712054732,16578742272,0,0,0,0,0,0,0,30.02046108,,,,,,,
390,udp1024b,encap,0,1,539947.455,0,16198383,16198383,0,0,17721031002,16587144192,0,0,0,0,0,0,0,30.03406715,,,,,,,
391,udp1024b,encap,0,1,540084.4279,0,16200161,16202520,0,0,17722976134,16591380480,0,0,0,0,0,0,2359,30.02192807,,,,,,,
392,udp1024b,encap,0,1,540084.4279,0,16200939,16202520,0,0,17723827266,16591380480,0,0,0,0,0,0,1581,30.03005791,,,,,,,
393,udp1024b,encap,0,1,540015.9415,0,16143747,16200419,0,0,17661259218,16589229056,0,0,0,0,0,0,56672,30.01750803,,,,,,,
394,udp1024b,encap,0,1,540015.9415,0,16200107,16200419,0,0,17722917058,16589229056,0,0,0,0,0,0,312,30.02278399,,,,,,,
395,udp1024b,decap,0,1,1122082.585,33662367,0,0,20593420,36826629498,0,0,21087662080,0,0,0,0,13068947,0,30.02539897,,,,,,,
396,udp1024b,decap,0,1,1122082.585,33662367,0,0,20742214,36826629498,0,0,21240027136,0,0,0,0,12920153,0,30.02460814,,,,,,,
397,udp1024b,decap,0,1,561041.2926,16831252,0,0,16831252,18413389688,0,0,17235202048,0,0,0,0,0,0,30.02352285,,,,,,,
398,udp1024b,decap,0,1,841561.939,25246878,0,0,20674244,27620084532,0,0,21170425856,0,0,0,0,4572634,0,30.02676201,,,,,,,
399,udp1024b,decap,0,1,841561.939,25246878,0,0,20625412,27620084532,0,0,21120421888,0,0,0,0,4621466,0,30.01793599,,,,,,,
400,udp1024b,decap,0,1,701301.6158,21039044,0,0,20757137,23016714136,0,0,21255308288,0,0,0,0,281907,0,30.01838899,,,,,,,
401,udp1024b,decap,0,1,701301.6158,21039044,0,0,20618581,23016714136,0,0,21113426944,0,0,0,0,420463,0,30.02868581,,,,,,,
402,udp1024b,decap,0,1,631171.4542,18935159,0,0,18934992,20715063946,0,0,19389431808,0,0,0,0,167,0,30.01567292,,,,,,,
403,udp1024b,decap,0,1,631171.4542,18935159,0,0,18935159,20715063946,0,0,19389602816,0,0,0,0,0,0,30.01362205,,,,,,,
404,udp1024b,decap,0,1,666236.535,19987051,0,0,19986768,21865833794,0,0,20466450432,0,0,0,0,283,0,30.01734018,,,,,,,
405,udp1024b,decap,0,1,666236.535,19987051,0,0,19984547,21865833794,0,0,20464176128,0,0,0,0,2504,0,30.03147912,,,,,,,
406,udp1024b,decap,0,1,648703.9946,19461118,0,0,19460129,21290463092,0,0,19927172096,0,0,0,0,989,0,30.02541113,,,,,,,
407,udp1024b,decap,0,1,648703.9946,19461118,0,0,19460416,21290463092,0,0,19927465984,0,0,0,0,702,0,30.02058411,,,,,,,
408,udp1024b,decap,0,1,639937.7244,19198066,0,0,19197720,21002684204,0,0,19658465280,0,0,0,0,346,0,30.02599287,,,,,,,
409,udp1024b,decap,0,1,639937.7244,19198066,0,0,19198066,21002684204,0,0,19658819584,0,0,0,0,0,0,30.01863885,,,,,,,
410,udp1024b,decap,0,1,644320.8595,19329558,0,0,19329558,21146536452,0,0,19793467392,0,0,0,0,0,0,30.02227807,,,,,,,
411,udp1024b,decap,0,1,646512.4271,19395389,0,0,19395033,21218555566,0,0,19860513792,0,0,0,0,356,0,30.02182579,,,,,,,
412,udp1024b,decap,0,1,646512.4271,19395389,0,0,19395389,21218555566,0,0,19860878336,0,0,0,0,0,0,30.02424908,,,,,,,
413,udp1024b,decap,0,1,647608.2108,19428198,0,0,19428198,21254448612,0,0,19894474752,0,0,0,0,0,0,30.02250981,,,,,,,
414,udp1024b,decap,0,1,648156.1027,19444690,0,0,19443070,21272490860,0,0,19909703680,0,0,0,0,1620,0,30.01857781,,,,,,,
415,udp1024b,decap,0,1,648156.1027,19444690,0,0,19444690,21272490860,0,0,19911362560,0,0,0,0,0,0,30.0161562,,,,,,,
416,udp1024b,decap,0,1,648430.0487,19452855,0,0,19452855,21281423370,0,0,19919723520,0,0,0,0,0,0,30.02513194,,,,,,,
417,udp1024b,decap,0,1,648567.0216,19456985,0,0,19456325,21285941590,0,0,19923276800,0,0,0,0,660,0,30.02033496,,,,,,,
418,udp1024b,decap,0,1,648567.0216,19456985,0,0,19456985,21285941590,0,0,19923952640,0,0,0,0,0,0,30.02169085,,,,,,,
419,udp1024b,decap,0,1,648635.5081,19459006,0,0,19459006,21288152564,0,0,19926022144,0,0,0,0,0,0,30.0197742,,,,,,,
420,udp1024b,both,0,1,1122082.585,33662367,18259505,33662367,24304149,36826629498,19975898470,34470263808,24887448576,0,0,0,0,9358218,15402862,42.57473087,,,,,,,
421,udp1024b,both,0,1,1122082.585,33662367,18260888,33662367,24331511,36826629498,19977411472,34470263808,24915467264,0,0,0,0,9330856,15401479,42.56880999,,,,,,,
422,udp1024b,both,0,1,561041.2926,16831252,12897151,16831252,16831252,18413389688,14109483194,17235202048,17235202048,0,0,0,0,0,3934101,30.02650595,,,,,,,
423,udp1024b,both,0,1,561041.2926,16831252,12851849,16831252,16814616,18413389688,14059922806,17235202048,17218166784,0,0,0,0,16636,3979403,30.025491,,,,,,,
424,udp1024b,both,0,1,280520.6463,8415592,8415592,8415592,8415592,9206657648,9206657648,8617566208,8617566208,0,0,0,0,0,0,30.01636696,,,,,,,
425,udp1024b,both,0,1,420780.9695,12623401,12623401,12623401,12623401,13810000694,13810000694,12926362624,12926362624,0,0,0,0,0,0,30.02734208,,,,,,,
426,udp1024b,both,0,1,490911.1311,14727338,13480822,14727338,14727338,16111707772,14748019268,15080794112,15080794112,0,0,0,0,0,1246516,30.02619505,,,,,,,
427,udp1024b,both,0,1,490911.1311,14727338,13246196,14727338,14727338,16111707772,14491338424,15080794112,15080794112,0,0,0,0,0,1481142,30.01929092,,,,,,,
428,udp1024b,both,0,1,455846.0503,13675382,13526705,13675382,13675382,14960867908,14798215270,14003591168,14003591168,0,0,0,0,0,148677,30.02311111,,,,,,,
429,udp1024b,both,0,1,455846.0503,13675382,13514540,13675382,13675382,14960867908,14784906760,14003591168,14003591168,0,0,0,0,0,160842,30.0265429,,,,,,,
430,udp1024b,both,0,1,438313.5099,13149411,13148038,13149411,13149411,14385455634,14383953572,13464996864,13464996864,0,0,0,0,0,1373,30.02626801,,,,,,,
431,udp1024b,both,0,1,438313.5099,13149411,13149411,13149411,13149411,14385455634,14385455634,13464996864,13464996864,0,0,0,0,0,0,30.02149606,,,,,,,
432,udp1024b,both,0,1,447079.7801,13412386,13409955,13412386,13412386,14673150284,14670490770,13734283264,13734283264,0,0,0,0,0,2431,30.02591801,,,,,,,
433,udp1024b,both,0,1,447079.7801,13412386,13373950,13412386,13412386,14673150284,14631101300,13734283264,13734283264,0,0,0,0,0,38436,30.02746511,,,,,,,
434,udp1024b,both,0,1,442696.645,13280880,13272808,13280880,13280880,14529282720,14520451952,13599621120,13599621120,0,0,0,0,0,8072,30.02560401,,,,,,,
435,udp1024b,both,0,1,442696.645,13280880,13280224,13280880,13280880,14529282720,14528565056,13599621120,13599621120,0,0,0,0,0,656,30.01742101,,,,,,,
436,udp1024b,both,0,1,440505.0774,13215157,13215157,13215157,13215157,14457381758,14457381758,13532320768,13532320768,0,0,0,0,0,0,30.02136207,,,,,,,
437,udp1024b,both,0,1,441600.8612,13247980,13245612,13247980,13247980,14493290120,14490699528,13565931520,13565931520,0,0,0,0,0,2368,30.02736592,,,,,,,
438,udp1024b,both,0,1,441600.8612,13247980,13237781,13247980,13247980,14493290120,14482132414,13565931520,13565931520,0,0,0,0,0,10199,30.02301097,,,,,,,
439,udp1024b,both,0,1,441052.9693,13231569,13230972,13231569,13231569,14475336486,14474683368,13549126656,13549126656,0,0,0,0,0,597,30.02291608,,,,,,,
440,udp1024b,both,0,1,441052.9693,13231569,13231569,13231569,13231569,14475336486,14475336486,13549126656,13549126656,0,0,0,0,0,0,30.03131795,,,,,,,
441,udp1024b,both,0,1,441326.9153,13239770,13239770,13239770,13239770,14484308380,14484308380,13557524480,13557524480,0,0,0,0,0,0,30.01766205,,,,,,,
442,udp1024b,both,0,1,441463.8882,13243895,13242153,13243895,13243895,14488821130,14486915382,13561748480,13561748480,0,0,0,0,0,1742,30.01880097,,,,,,,
443,udp1024b,both,0,1,441463.8882,13243895,13243827,13243895,13243895,14488821130,14488746738,13561748480,13561748480,0,0,0,0,0,68,30.02598,,,,,,,
444,udp1024b,both,0,1,441395.4017,13241853,13241385,13241853,13241853,14486587182,14486075190,13559657472,13559657472,0,0,0,0,0,468,30.03133011,,,,,,,
445,udp1024b,both,0,1,441395.4017,13241853,13241853,13241853,13241853,14486587182,14486587182,13559657472,13559657472,0,0,0,0,0,0,30.01868296,,,,,,,
446,udp1280b,encap,0,1,912408.7591,0,16274903,27372280,0,0,21971119050,35036518400,0,0,0,0,0,0,11097377,30.02023983,,,,,,,
447,udp1280b,encap,0,1,912408.7591,0,16343227,27372280,0,0,22063356450,35036518400,0,0,0,0,0,0,11029053,30.03679085,,,,,,,
448,udp1280b,encap,0,1,456204.3796,0,13686140,13686140,0,0,18476289000,17518259200,0,0,0,0,0,0,0,30.02131605,,,,,,,
449,udp1280b,encap,0,1,684306.5693,0,16269228,20529210,0,0,21963457800,26277388800,0,0,0,0,0,0,4259982,30.01943398,,,,,,,
450,udp1280b,encap,0,1,684306.5693,0,16332117,20529210,0,0,22048357950,26277388800,0,0,0,0,0,0,4197093,30.02419806,,,,,,,
451,udp1280b,encap,0,1,570255.4745,0,16272608,17107661,0,0,21968020800,21897806080,0,0,0,0,0,0,835053,30.02475595,,,,,,,
452,udp1280b,encap,0,1,570255.4745,0,16348535,17107661,0,0,22070522250,21897806080,0,0,0,0,0,0,759126,30.01975989,,,,,,,
453,udp1280b,encap,0,1,513229.927,0,15396850,15396850,0,0,20785747500,19707968000,0,0,0,0,0,0,0,30.02191806,,,,,,,
454,udp1280b,encap,0,1,541742.7007,0,16117407,16252271,0,0,21758499450,20802906880,0,0,0,0,0,0,134864,30.02337694,,,,,,,
455,udp1280b,encap,0,1,541742.7007,0,16163674,16252271,0,0,21820959900,20802906880,0,0,0,0,0,0,88597,30.02867007,,,,,,,
456,udp1280b,encap,0,1,527486.3139,0,15824562,15824562,0,0,21363158700,20255439360,0,0,0,0,0,0,0,30.02453399,,,,,,,
457,udp1280b,encap,0,1,534614.5073,0,16036352,16038403,0,0,21649075200,20529155840,0,0,0,0,0,0,2051,30.02266383,,,,,,,
458,udp1280b,encap,0,1,534614.5073,0,16038155,16038403,0,0,21651509250,20529155840,0,0,0,0,0,0,248,30.02010298,,,,,,,
459,udp1280b,encap,0,1,531050.4106,0,15931388,15931504,0,0,21507373800,20392325120,0,0,0,0,0,0,116,30.02381682,,,,,,,
460,udp1280b,encap,0,1,531050.4106,0,15931223,15931504,0,0,21507151050,20392325120,0,0,0,0,0,0,281,30.02627587,,,,,,,
461,udp1280b,encap,0,1,529268.3622,0,15878067,15878067,0,0,21435390450,20323925760,0,0,0,0,0,0,0,30.02553701,,,,,,,
462,udp1280b,encap,0,1,530159.3864,0,15904766,15904771,0,0,21471434100,20358106880,0,0,0,0,0,0,5,30.02264094,,,,,,,
463,udp1280b,encap,0,1,530159.3864,0,15904341,15904771,0,0,21470860350,20358106880,0,0,0,0,0,0,430,30.01841402,,,,,,,
464,udp1280b,encap,0,1,529713.8743,0,15891265,15891408,0,0,21453207750,20341002240,0,0,0,0,0,0,143,30.01596212,,,,,,,
465,udp1280b,encap,0,1,529713.8743,0,15891408,15891408,0,0,21453400800,20341002240,0,0,0,0,0,0,0,30.01478815,,,,,,,
466,udp1280b,encap,0,1,529936.6304,0,15898027,15898087,0,0,21462336450,20349551360,0,0,0,0,0,0,60,30.02705908,,,,,,,
467,udp1280b,encap,0,1,529936.6304,0,15898031,15898087,0,0,21462341850,20349551360,0,0,0,0,0,0,56,30.01801085,,,,,,,
468,udp1280b,encap,0,1,529825.2523,0,15894777,15894777,0,0,21457948950,20345314560,0,0,0,0,0,0,0,30.02298498,,,,,,,
469,udp1280b,encap,0,1,529880.9413,0,15896370,15896370,0,0,21460099500,20347353600,0,0,0,0,0,0,0,30.02738404,,,,,,,
470,udp1280b,decap,0,1,912408.7591,27372280,0,0,20605484,36952578000,0,0,26375019520,0,0,0,0,6766796,0,30.02395606,,,,,,,
471,udp1280b,decap,0,1,912408.7591,27372280,0,0,20713015,36952578000,0,0,26512659200,0,0,0,0,6659265,0,30.02364683,,,,,,,
472,udp1280b,decap,0,1,456204.3796,13686140,0,0,13686140,18476289000,0,0,17518259200,0,0,0,0,0,0,30.01930499,,,,,,,
473,udp1280b,decap,0,1,684306.5693,20529210,0,0,20515416,27714433500,0,0,26259732480,0,0,0,0,13794,0,30.02451205,,,,,,,
474,udp1280b,decap,0,1,684306.5693,20529210,0,0,20517092,27714433500,0,0,26261877760,0,0,0,0,12118,0,30.01949286,,,,,,,
475,udp1280b,decap,0,1,570255.4745,17107661,0,0,17107661,23095342350,0,0,21897806080,0,0,0,0,0,0,30.02855802,,,,,,,
476,udp1280b,decap,0,1,627281.0219,18818404,0,0,18818404,25404845400,0,0,24087557120,0,0,0,0,0,0,30.01663494,,,,,,,
477,udp1280b,decap,0,1,655793.7956,19673765,0,0,19672312,26559582750,0,0,25180559360,0,0,0,0,1453,0,30.02351809,,,,,,,
478,udp1280b,decap,0,1,655793.7956,19673765,0,0,19673380,26559582750,0,0,25181926400,0,0,0,0,385,0,30.02245307,,,,,,,
479,udp1280b,decap,0,1,641537.4088,19246099,0,0,19245446,25982233650,0,0,24634170880,0,0,0,0,653,0,30.025208,,,,,,,
480,udp1280b,decap,0,1,641537.4088,19246099,0,0,19246099,25982233650,0,0,24635006720,0,0,0,0,0,0,30.01796699,,,,,,,
481,udp1280b,decap,0,1,648665.6022,19459924,0,0,19459924,26270897400,0,0,24908702720,0,0,0,0,0,0,30.027246,,,,,,,
482,udp1280b,decap,0,1,652229.6989,19566864,0,0,19565738,26415266400,0,0,25044144640,0,0,0,0,1126,0,30.02829695,,,,,,,
483,udp1280b,decap,0,1,652229.6989,19566864,0,0,19566004,26415266400,0,0,25044485120,0,0,0,0,860,0,30.0211401,,,,,,,
484,udp1280b,decap,0,1,650447.6505,19513432,0,0,19513432,26343133200,0,0,24977192960,0,0,0,0,0,0,30.02577901,,,,,,,
485,udp1280b,decap,0,1,651338.6747,19540158,0,0,19539428,26379213300,0,0,25010467840,0,0,0,0,730,0,30.02263498,,,,,,,
486,udp1280b,decap,0,1,651338.6747,19540158,0,0,19537460,26379213300,0,0,25007948800,0,0,0,0,2698,0,30.02197099,,,,,,,
487,udp1280b,decap,0,1,650893.1626,19526832,0,0,19526832,26361223200,0,0,24994344960,0,0,0,0,0,0,30.02930784,,,,,,,
488,udp1280b,decap,0,1,651115.9187,19533493,0,0,19533493,26370215550,0,0,25002871040,0,0,0,0,0,0,30.01876092,,,,,,,
489,udp1280b,decap,0,1,651227.2967,19536825,0,0,19536401,26374713750,0,0,25006593280,0,0,0,0,424,0,30.02466702,,,,,,,
490,udp1280b,decap,0,1,651227.2967,19536825,0,0,19536566,26374713750,0,0,25006804480,0,0,0,0,259,0,30.02435303,,,,,,,
491,udp1280b,decap,0,1,651171.6077,19535159,0,0,19535159,26372464650,0,0,25005003520,0,0,0,0,0,0,30.02109408,,,,,,,
492,udp1280b,both,0,1,912408.7591,27372280,18163123,27372280,24268699,36952578000,24520216050,35036518400,31063934720,0,0,0,0,3103581,9209157,42.72380185,,,,,,,
493,udp1280b,both,0,1,912408.7591,27372280,18571610,27372280,24794437,36952578000,25071673500,35036518400,31736879360,0,0,0,0,2577843,8800670,43.19291401,,,,,,,
494,udp1280b,both,0,1,456204.3796,13686140,13545683,13686140,13686140,18476289000,18286672050,17518259200,17518259200,0,0,0,0,0,140457,30.02058816,,,,,,,
495,udp1280b,both,0,1,456204.3796,13686140,13590271,13686140,13686140,18476289000,18346865850,17518259200,17518259200,0,0,0,0,0,95869,30.02965593,,,,,,,
496,udp1280b,both,0,1,228102.1898,6843059,6843059,6843059,6843059,9238129650,9238129650,8759115520,8759115520,0,0,0,0,0,0,30.02154517,,,,,,,
497,udp1280b,both,0,1,342153.2847,10264580,10264580,10264580,10264580,13857183000,13857183000,13138662400,13138662400,0,0,0,0,0,0,30.02534199,,,,,,,
498,udp1280b,both,0,1,399178.8321,11975338,11975338,11975338,11975338,16166706300,16166706300,15328432640,15328432640,0,0,0,0,0,0,30.02796817,,,,,,,
499,udp1280b,both,0,1,427691.6058,12830733,12830733,12830733,12830733,17321489550,17321489550,16423338240,16423338240,0,0,0,0,0,0,30.02387381,,,,,,,
500,udp1280b,both,0,1,441947.9927,13258417,13253899,13258417,13258417,17898862950,17892763650,16970773760,16970773760,0,0,0,0,0,4518,30.02165604,,,,,,,
501,udp1280b,both,0,1,441947.9927,13258417,13256174,13258417,13258417,17898862950,17895834900,16970773760,16970773760,0,0,0,0,0,2243,30.02423787,,,,,,,
502,udp1280b,both,0,1,434819.7993,13044576,13044576,13044576,13044576,17610177600,17610177600,16697057280,16697057280,0,0,0,0,0,0,30.02236319,,,,,,,
503,udp1280b,both,0,1,438383.896,13151508,13150548,13151508,13151508,17754535800,17753239800,16833930240,16833930240,0,0,0,0,0,960,30.02676201,,,,,,,
504,udp1280b,both,0,1,438383.896,13151508,13150242,13151508,13151508,17754535800,17752826700,16833930240,16833930240,0,0,0,0,0,1266,30.03038597,,,,,,,
505,udp1280b,both,0,1,436601.8476,13098032,13096408,13098032,13098032,17682343200,17680150800,16765480960,16765480960,0,0,0,0,0,1624,30.02685714,,,,,,,
506,udp1280b,both,0,1,436601.8476,13098032,13098032,13098032,13098032,17682343200,17682343200,16765480960,16765480960,0,0,0,0,0,0,30.01042295,,,,,,,
507,udp1280b,both,0,1,437492.8718,13124757,13124757,13124757,13124757,17718421950,17718421950,16799688960,16799688960,0,0,0,0,0,0,30.0340569,,,,,,,
508,udp1280b,both,0,1,437938.3839,13138140,13138140,13138140,13138140,17736489000,17736489000,16816819200,16816819200,0,0,0,0,0,0,30.02990413,,,,,,,
509,udp1280b,both,0,1,438161.1399,13144842,13144842,13144842,13144842,17745536700,17745536700,16825397760,16825397760,0,0,0,0,0,0,30.016675,,,,,,,
510,udp1280b,both,0,1,438272.518,13148153,13148153,13148153,13148153,17750006550,17750006550,16829635840,16829635840,0,0,0,0,0,0,30.01902509,,,,,,,
511,udp1280b,both,0,1,438328.207,13149830,13146900,13149830,13149830,17752270500,17748315000,16831782400,16831782400,0,0,0,0,0,2930,30.03158808,,,,,,,
512,udp1280b,both,0,1,438328.207,13149830,13149830,13149830,13149830,17752270500,17752270500,16831782400,16831782400,0,0,0,0,0,0,30.02599311,,,,,,,
513,udp1518b,encap,0,1,777363.1841,0,16091260,23320826,0,0,13371837060,35401013868,0,0,0,0,0,0,7229566,30.02695012,,,,,,,
514,udp1518b,encap,0,1,777363.1841,0,16180464,23320826,0,0,13445965584,35401013868,0,0,0,0,0,0,7140362,30.02786422,,,,,,,
515,udp1518b,encap,0,1,388681.592,0,16006764,11660446,0,0,13301620884,17700557028,0,0,0,0,0,0,-4346318,30.01911211,,,,,,,
516,udp1518b,encap,0,1,388681.592,0,16008956,11660446,0,0,13303442436,17700557028,0,0,0,0,0,0,-4348510,30.02238178,,,,,,,
517,udp1518b,encap,0,1,194340.796,0,11660398,5830199,0,0,9689790738,8850242082,0,0,0,0,0,0,-5830199,30.02532411,,,,,,,
518,udp1518b,encap,0,1,291511.194,0,16087406,8745329,0,0,13368634386,13275409422,0,0,0,0,0,0,-7342077,30.01514697,,,,,,,
519,udp1518b,encap,0,1,291511.194,0,15998344,8745329,0,0,13294623864,13275409422,0,0,0,0,0,0,-7253015,30.01861119,,,,,,,
520,udp1518b,encap,0,1,242925.995,0,14575502,7287751,0,0,12112242162,11062806018,0,0,0,0,0,0,-7287751,30.02573395,,,,,,,
521,udp1518b,encap,0,1,267218.5945,0,15956098,8016536,0,0,13259517438,12169101648,0,0,0,0,0,0,-7939562,30.01887202,,,,,,,
522,udp1518b,encap,0,1,267218.5945,0,15974954,8016536,0,0,13275186774,12169101648,0,0,0,0,0,0,-7958418,30.02392197,,,,,,,
523,udp1518b,encap,0,1,255072.2948,0,15304326,7652163,0,0,12717894906,11615983434,0,0,0,0,0,0,-7652163,30.02784085,,,,,,,
524,udp1518b,encap,0,1,261145.4447,0,15668690,7834345,0,0,13020681390,11892535710,0,0,0,0,0,0,-7834345,30.02526212,,,,,,,
525,udp1518b,encap,0,1,264182.0196,0,15850934,7925467,0,0,13172126154,12030858906,0,0,0,0,0,0,-7925467,30.02887583,,,,,,,
526,udp1518b,encap,0,1,265700.3071,0,15906910,7971003,0,0,13218642210,12099982554,0,0,0,0,0,0,-7935907,30.01723504,,,,,,,
527,udp1518b,encap,0,1,265700.3071,0,15938652,7971003,0,0,13245019812,12099982554,0,0,0,0,0,0,-7967649,30.02649188,,,,,,,
528,udp1518b,encap,0,1,264941.1633,0,15896462,7948231,0,0,13209959922,12065414658,0,0,0,0,0,0,-7948231,30.0236299,,,,,,,
529,udp1518b,encap,0,1,265320.7352,0,15905558,7959601,0,0,13217518698,12082674318,0,0,0,0,0,0,-7945957,30.02089,,,,,,,
530,udp1518b,encap,0,1,265320.7352,0,15894106,7959601,0,0,13208002086,12082674318,0,0,0,0,0,0,-7934505,30.01865387,,,,,,,
531,udp1518b,encap,0,1,265130.9493,0,15907212,7953904,0,0,13218893172,12074026272,0,0,0,0,0,0,-7953308,30.02587509,,,,,,,
532,udp1518b,encap,0,1,265130.9493,0,15907808,7953904,0,0,13219388448,12074026272,0,0,0,0,0,0,-7953904,30.01988602,,,,,,,
533,udp1518b,encap,0,1,265225.8422,0,15906762,7956744,0,0,13218519222,12078337392,0,0,0,0,0,0,-7950018,30.02671003,,,,,,,
534,udp1518b,encap,0,1,265225.8422,0,15908950,7956744,0,0,13220337450,12078337392,0,0,0,0,0,0,-7952206,30.02231598,,,,,,,
535,udp1518b,encap,0,1,265178.3957,0,15910340,7955347,0,0,13221492540,12076216746,0,0,0,0,0,0,-7954993,30.01971698,,,,,,,
536,udp1518b,encap,0,1,265178.3957,0,15910694,7955347,0,0,13221786714,12076216746,0,0,0,0,0,0,-7955347,30.02583504,,,,,,,
537,udp1518b,decap,0,1,777363.1841,23320892,0,0,14155,19379661252,0,0,21487290,0,0,0,0,23306737,0,30.02739596,,,,,,,
538,udp1518b,decap,0,1,777363.1841,23320892,6,0,12230,19379661252,7788,0,18565140,0,0,0,0,23308662,-6,30.02249503,,,,,,,
539,udp1518b,decap,0,1,388681.592,11660430,0,0,0,9689817330,0,0,0,0,0,0,0,11660430,0,30.02747703,,,,,,,
540,udp1518b,decap,0,1,388681.592,11660430,6,0,4318813,9689817330,7788,0,6555958134,0,0,0,0,7341617,-6,30.02339792,,,,,,,
541,udp1518b,decap,0,1,194340.796,5830200,0,0,2915100,4844896200,0,0,4425121800,0,0,0,0,2915100,0,30.02148199,,,,,,,
542,udp1518b,decap,0,1,291511.194,8745330,0,0,4372665,7267369230,0,0,6637705470,0,0,0,0,4372665,0,30.02549195,,,,,,,
543,udp1518b,decap,0,1,340096.393,10202884,0,0,5101442,8478596604,0,0,7743988956,0,0,0,0,5101442,0,30.02668405,,,,,,,
544,udp1518b,decap,0,1,364388.9925,10931640,0,0,5465820,9084192840,0,0,8297114760,0,0,0,0,5465820,0,30.01717305,,,,,,,
545,udp1518b,decap,0,1,376535.2923,11296044,0,0,5648022,9387012564,0,0,8573697396,0,0,0,0,5648022,0,30.02632904,,,,,,,
546,udp1518b,decap,0,1,382608.4422,11478244,0,0,5739122,9538420764,0,0,8711987196,0,0,0,0,5739122,0,30.02603197,,,,,,,
547,udp1518b,decap,0,1,385645.0171,11569358,0,0,5784679,9614136498,0,0,8781142722,0,0,0,0,5784679,0,30.02078605,,,,,,,
548,udp1518b,decap,0,1,387163.3046,11614888,0,0,5807444,9651971928,0,0,8815699992,0,0,0,0,5807444,0,30.02192092,,,,,,,
549,udp1518b,decap,0,1,387922.4483,11637656,0,0,5818828,9670892136,0,0,8832980904,0,0,0,0,5818828,0,30.01210499,,,,,,,
550,udp1518b,decap,0,1,388302.0202,11649064,0,0,5824532,9680372184,0,0,8841639576,0,0,0,0,5824532,0,30.0304749,,,,,,,
551,udp1518b,decap,0,1,388491.8061,11654728,0,0,5827364,9685078968,0,0,8845938552,0,0,0,0,5827364,0,30.02548909,,,,,,,
552,udp1518b,decap,0,1,388586.6991,11657578,0,0,5828789,9687447318,0,0,8848101702,0,0,0,0,5828789,0,30.02830791,,,,,,,
553,udp1518b,decap,0,1,388634.1456,11659028,0,0,5829514,9688652268,0,0,8849202252,0,0,0,0,5829514,0,30.02872396,,,,,,,
554,udp1518b,both,0,1,777363.1841,23320892,17213198,23320826,26396,19379661252,14304167538,35401013868,40069128,0,0,0,0,23294496,6107628,32.46082211,,,,,,,
555,udp1518b,both,0,1,777363.1841,23320892,17422654,23320826,14372,19379661252,14478228276,35401013868,21816696,0,0,0,0,23306520,5898172,32.91093898,,,,,,,
556,udp1518b,both,0,1,388681.592,11660430,15943560,11660446,0,9689817330,13249098360,17700557028,0,0,0,0,0,11660430,-4283114,30.0271039,,,,,,,
557,udp1518b,both,0,1,388681.592,11660430,14092224,11660446,5045954,9689817330,11710640946,17700557028,7659758172,0,0,0,0,6614476,-2431778,30.02027488,,,,,,,
558,udp1518b,both,0,1,194340.796,5830200,11660399,5830199,2915100,4844896200,9689792036,8850242082,4425121800,0,0,0,0,2915100,-5830200,30.02591014,,,,,,,
559,udp1518b,both,0,1,194340.796,5830200,11660398,5830199,2915100,4844896200,9689790738,8850242082,4425121800,0,0,0,0,2915100,-5830199,30.03149796,,,,,,,
560,udp1518b,both,0,1,291511.194,8745330,13929418,8745329,4372665,7267369230,11575346358,13275409422,6637705470,0,0,0,0,4372665,-5184089,30.02119184,,,,,,,
561,udp1518b,both,0,1,291511.194,8745330,14387372,8745329,4372665,7267369230,11955906132,13275409422,6637705470,0,0,0,0,4372665,-5642043,30.01281405,,,,,,,
562,udp1518b,both,0,1,242925.995,7287752,14575112,7287751,3643876,6056121912,12111918072,11062806018,5531403768,0,0,0,0,3643876,-7287361,30.02719688,,,,,,,
563,udp1518b,both,0,1,242925.995,7287752,14378522,7287751,3643876,6056121912,11948551782,11062806018,5531403768,0,0,0,0,3643876,-7090771,30.02674508,,,,,,,
564,udp1518b,both,0,1,218633.3955,6558992,13117972,6558986,3279496,5450522352,10901034732,9956540748,4978274928,0,0,0,0,3279496,-6558986,30.03148484,,,,,,,
565,udp1518b,both,0,1,230779.6953,6923372,13846732,6923366,3461686,5753322132,11506634292,10509669588,5254839348,0,0,0,0,3461686,-6923366,30.02229309,,,,,,,
566,udp1518b,both,0,1,236852.8451,7105562,14206560,7105555,3552781,5904722022,11805651360,10786232490,5393121558,0,0,0,0,3552781,-7101005,30.02340293,,,,,,,
567,udp1518b,both,0,1,236852.8451,7105562,14211066,7105555,3552781,5904722022,11809395846,10786232490,5393121558,0,0,0,0,3552781,-7105511,30.02607203,,,,,,,
568,udp1518b,both,0,1,233816.2702,7014482,14026906,7014482,3507241,5829034542,11656358886,10647983676,5323991838,0,0,0,0,3507241,-7012424,30.03107309,,,,,,,
569,udp1518b,both,0,1,233816.2702,7014482,14028964,7014482,3507241,5829034542,11658069084,10647983676,5323991838,0,0,0,0,3507241,-7014482,30.02027512,,,,,,,
570,udp1518b,both,0,1,235334.5577,7060022,14120030,7060015,3530011,5866878282,11733744930,10717102770,5358556698,0,0,0,0,3530011,-7060015,30.02411795,,,,,,,
571,udp1518b,both,0,1,236093.7014,7082792,14152816,7082791,3541396,5885800152,11760990096,10751676738,5375839128,0,0,0,0,3541396,-7070025,30.02325892,,,,,,,
572,udp1518b,both,0,1,236093.7014,7082792,14165582,7082791,3541396,5885800152,11771598642,10751676738,5375839128,0,0,0,0,3541396,-7082791,30.03046799,,,,,,,
573,udp1518b,both,0,1,236473.2733,7094192,14168960,7094185,3547096,5895273552,11774405760,10768972830,5384491728,0,0,0,0,3547096,-7074775,30.02312398,,,,,,,
574,udp1518b,both,0,1,236473.2733,7094192,14188370,7094185,3547096,5895273552,11790535470,10768972830,5384491728,0,0,0,0,3547096,-7094185,30.02032304,,,,,,,
575,udp1518b,both,0,1,236663.0592,7099890,14184878,7099890,3549945,5900008590,11787633618,10777633020,5388816510,0,0,0,0,3549945,-7084988,30.02957797,,,,,,,
576,udp1518b,both,0,1,236663.0592,7099890,14189398,7099890,3549945,5900008590,11791389738,10777633020,5388816510,0,0,0,0,3549945,-7089508,30.0157249,,,,,,,
577,udp1518b,both,0,1,236568.1662,7097044,14176126,7097043,3548522,5897643564,11780360706,10773311274,5386656396,0,0,0,0,3548522,-7079083,30.01696706,,,,,,,
578,udp1518b,both,0,1,236568.1662,7097044,14194086,7097043,3548522,5897643564,11795285466,10773311274,5386656396,0,0,0,0,3548522,-7097043,30.02655697,,,,,,,
579,udp1518b,both,0,1,236615.6127,7098448,14196896,7098448,3549224,5898810288,11797620576,10775444064,5387722032,0,0,0,0,3549224,-7098448,30.03352499,,,,,,,